-- phpMyAdmin SQL Dump
-- version 5.1.1deb5ubuntu1
-- https://www.phpmyadmin.net/
--
-- Hôte : localhost:3306
-- Généré le : mer. 17 avr. 2024 à 11:00
-- Version du serveur : 8.0.36-0ubuntu0.22.04.1
-- Version de PHP : 8.1.27

SET SQL_MODE = "NO_AUTO_VALUE_ON_ZERO";
START TRANSACTION;
SET time_zone = "+00:00";


/*!40101 SET @OLD_CHARACTER_SET_CLIENT=@@CHARACTER_SET_CLIENT */;
/*!40101 SET @OLD_CHARACTER_SET_RESULTS=@@CHARACTER_SET_RESULTS */;
/*!40101 SET @OLD_COLLATION_CONNECTION=@@COLLATION_CONNECTION */;
/*!40101 SET NAMES utf8mb4 */;

--
-- Base de données : `pharmacie`
--

-- --------------------------------------------------------

--
-- Structure de la table `categorie`
--

CREATE TABLE `categorie` (
  `idCategorie` int NOT NULL,
  `nomCategorie` varchar(255) NOT NULL,
  `etat` text NOT NULL
) ENGINE=InnoDB DEFAULT CHARSET=utf8mb4 COLLATE=utf8mb4_0900_ai_ci;

--
-- Déchargement des données de la table `categorie`
--

INSERT INTO `categorie` (`idCategorie`, `nomCategorie`, `etat`) VALUES
(1, 'Analgésiques ', 'active'),
(2, 'Antibiotiques', 'active'),
(3, 'Antidépresseurs', 'active'),
(4, 'Antihistaminiques', 'active'),
(5, 'Antihypertenseurs', 'active'),
(6, 'Anticoagulants', 'active');

-- --------------------------------------------------------

--
-- Structure de la table `client`
--

CREATE TABLE `client` (
  `idClient` int NOT NULL,
  `nomClient` varchar(255) CHARACTER SET utf8mb4 COLLATE utf8mb4_0900_ai_ci NOT NULL,
  `villeClient` varchar(255) CHARACTER SET utf8mb4 COLLATE utf8mb4_0900_ai_ci NOT NULL,
  `emailClient` varchar(255) CHARACTER SET utf8mb4 COLLATE utf8mb4_0900_ai_ci NOT NULL,
  `telephoneClient` varchar(255) NOT NULL,
  `etat` varchar(255) NOT NULL
) ENGINE=InnoDB DEFAULT CHARSET=utf8mb4 COLLATE=utf8mb4_0900_ai_ci;

--
-- Déchargement des données de la table `client`
--

INSERT INTO `client` (`idClient`, `nomClient`, `villeClient`, `emailClient`, `telephoneClient`, `etat`) VALUES
(1, 'Reinger', 'East Jaydeberg', 'lafayette87@hotmail.com', '1-901-806', 'active'),
(2, 'Zboncak', 'Port Vickieville', 'anais84@price.biz', '(586) 951', 'active'),
(3, 'Metz', 'Kennithton', 'queen.rau@williamson.biz', '218.616.3', 'active'),
(4, 'Ferry', 'Donnellyview', 'ethelyn.kulas@stoltenberg.com', '886.574.0', 'active'),
(5, 'Vandervort', 'South Hollisland', 'nweimann@hotmail.com', '571.600.1', 'active'),
(6, 'Lang', 'Mayerfort', 'halvorson.palma@metz.org', '+1-952-86', 'active'),
(7, 'Bahringer', 'Jarrettchester', 'shea.lubowitz@gmail.com', '435-594-2', 'active'),
(8, 'Tromp', 'West Cathryn', 'sfarrell@reinger.info', '819-452-3', 'active'),
(9, 'Prosacco', 'Rebekahville', 'aufderhar.duane@gmail.com', '+1.796.50', 'active'),
(10, 'Hand', 'Torpbury', 'fabian.heaney@gmail.com', '264-943-6', 'active');

-- --------------------------------------------------------

--
-- Structure de la table `facture`
--

CREATE TABLE `facture` (
  `idFact` int NOT NULL,
  `dateFact` date NOT NULL,
  `montantT` float NOT NULL,
  `idVente` int NOT NULL,
  `etat` varchar(255) NOT NULL
) ENGINE=InnoDB DEFAULT CHARSET=utf8mb4 COLLATE=utf8mb4_0900_ai_ci;

--
-- Déchargement des données de la table `facture`
--

INSERT INTO `facture` (`idFact`, `dateFact`, `montantT`, `idVente`, `etat`) VALUES
(1, '1979-06-29', 58907, 76, 'active'),
(2, '1983-09-02', 38214, 49, 'active'),
(3, '1973-01-09', 81894, 73, 'active'),
(4, '1973-11-25', 33201, 53, 'active'),
(5, '1986-01-17', 83183, 90, 'active'),
(6, '2003-05-23', 17665, 93, 'active'),
(7, '1979-03-13', 32067, 86, 'active'),
(8, '1991-03-01', 3663, 44, 'active'),
(9, '1988-03-10', 76041, 12, 'active'),
(10, '1981-07-08', 52281, 68, 'active'),
(11, '1994-03-29', 45274, 34, 'active'),
(12, '1979-07-14', 87286, 78, 'active'),
(13, '2005-01-04', 36514, 22, 'active');

-- --------------------------------------------------------

--
-- Structure de la table `fournisseur`
--

CREATE TABLE `fournisseur` (
  `idFournis` int NOT NULL,
  `nomFournis` varchar(255) CHARACTER SET utf8mb4 COLLATE utf8mb4_0900_ai_ci NOT NULL,
  `villeFournis` varchar(255) NOT NULL,
  `emailFournis` varchar(255) NOT NULL,
  `telephoneFournis` varchar(255) NOT NULL,
  `etat` varchar(255) NOT NULL
) ENGINE=InnoDB DEFAULT CHARSET=utf8mb4 COLLATE=utf8mb4_0900_ai_ci;

--
-- Déchargement des données de la table `fournisseur`
--

INSERT INTO `fournisseur` (`idFournis`, `nomFournis`, `villeFournis`, `emailFournis`, `telephoneFournis`, `etat`) VALUES
(1, 'McCullough', 'Lake Eusebio', 'cokuneva@denesik.org', '693.854.7', 'active'),
(2, 'Mayert', 'South Margarettaview', 'kuvalis.mellie@gmail.com', '224.599.4', 'active'),
(3, 'Murphy', 'Rempelbury', 'adolph47@yahoo.com', '1-682-545', 'active'),
(4, 'Dickinson', 'East Fiona', 'ullrich.victor@walsh.com', '(613) 990', 'active'),
(5, 'Bode', 'Hoseahaven', 'fadel.marlene@gmail.com', '802-556-5', 'active'),
(6, 'Kirlin', 'South Coty', 'willy37@lebsack.com', '+1.795.53', 'active');

-- --------------------------------------------------------

--
-- Structure de la table `produit`
--

CREATE TABLE `produit` (
  `idProd` int NOT NULL,
  `nomProd` varchar(255) NOT NULL,
  `numLot` int NOT NULL,
  `datePerem` date NOT NULL,
  `qteDispo` int NOT NULL,
  `prixU` int NOT NULL,
  `idFournis` int NOT NULL,
  `idCategorie` int NOT NULL,
  `etat` varchar(255) NOT NULL
) ENGINE=InnoDB DEFAULT CHARSET=utf8mb4 COLLATE=utf8mb4_0900_ai_ci;

--
-- Déchargement des données de la table `produit`
--

INSERT INTO `produit` (`idProd`, `nomProd`, `numLot`, `datePerem`, `qteDispo`, `prixU`, `idFournis`, `idCategorie`, `etat`) VALUES
(1, 'Rem amet sunt.', 79, '1978-07-07', 16, 427, 6, 4, 'active'),
(2, 'Ut deserunt quae optio.', 62, '1995-10-23', 90, 216, 1, 2, 'active'),
(3, 'Quidem corrupti est.', 55, '2014-03-09', 40, 572, 6, 6, 'active'),
(4, 'Provident cupiditate.', 32, '2013-12-13', 92, 905, 4, 5, 'active'),
(5, 'Et nulla explicabo officiis.', 13, '1974-02-14', 21, 500, 2, 1, 'active'),
(6, 'Dolore cumque expedita temporibus.', 90, '1996-03-13', 24, 476, 4, 6, 'active'),
(7, 'Et nostrum unde.', 36, '2008-05-20', 43, 624, 6, 6, 'active'),
(8, 'Maiores recusandae nisi.', 31, '1993-10-24', 99, 201, 3, 5, 'active'),
(9, 'Exercitationem sapiente accusantium atque.', 63, '2006-08-05', 6, 842, 1, 2, 'active'),
(10, 'Quis maxime voluptas voluptatem.', 80, '2019-04-01', 50, 609, 1, 3, 'active'),
(11, 'Nihil voluptate explicabo repellat.', 64, '2001-04-25', 47, 373, 6, 5, 'active'),
(12, 'Eaque est omnis est.', 40, '2002-03-15', 92, 850, 5, 2, 'active'),
(13, 'Distinctio necessitatibus eum.', 30, '1982-04-27', 95, 482, 6, 4, 'active'),
(14, 'Aut id aperiam quam.', 97, '1996-04-29', 27, 316, 6, 2, 'active'),
(15, 'Ut minima nobis.', 58, '1975-10-21', 25, 170, 5, 2, 'active'),
(16, 'Quasi in id architecto.', 14, '1982-05-21', 54, 97, 4, 2, 'active'),
(17, 'Inventore perspiciatis dolorum.', 24, '1988-03-27', 19, 863, 1, 6, 'active'),
(18, 'Voluptatem modi fugiat ipsa dolorem.', 1, '1975-09-24', 68, 299, 5, 2, 'active'),
(19, 'Fuga sit aliquid debitis.', 38, '1990-05-03', 66, 232, 4, 3, 'active'),
(20, 'Qui amet a harum.', 54, '1985-06-21', 32, 414, 4, 4, 'active'),
(21, 'Doloribus in ab.', 63, '1995-12-12', 85, 249, 3, 6, 'active'),
(22, 'Quia eos laudantium eum.', 12, '1971-07-24', 40, 377, 4, 2, 'active'),
(23, 'Et aperiam.', 71, '1989-08-11', 15, 204, 4, 1, 'active'),
(24, 'Ducimus ratione modi ipsum fugiat.', 100, '1990-11-09', 55, 1000, 1, 6, 'active'),
(25, 'Quia voluptas alias.', 9, '1992-02-08', 100, 912, 6, 3, 'active'),
(26, 'Error pariatur impedit provident.', 99, '1975-02-06', 80, 875, 3, 1, 'active'),
(27, 'Voluptatem eos et voluptates.', 39, '1979-11-30', 27, 916, 3, 4, 'active'),
(28, 'Ut quas sapiente ipsa.', 43, '1980-11-10', 57, 774, 2, 4, 'active'),
(29, 'Expedita unde eum mollitia dolor.', 30, '1978-04-17', 97, 681, 5, 4, 'active'),
(30, 'Iusto exercitationem magnam porro.', 67, '2016-09-02', 16, 298, 3, 4, 'active'),
(31, 'Aspernatur optio rerum.', 55, '2008-06-14', 27, 556, 2, 4, 'active'),
(32, 'Iusto ipsum similique animi.', 57, '2000-05-18', 99, 867, 2, 2, 'active'),
(33, 'Ipsum quia ullam.', 83, '1980-02-17', 50, 57, 4, 2, 'active'),
(34, 'Architecto quia ut.', 89, '2005-01-23', 54, 708, 1, 3, 'active'),
(35, 'Vitae inventore voluptate nemo.', 44, '1979-06-05', 27, 123, 2, 6, 'active'),
(36, 'Sint aut velit odit ut.', 35, '2004-04-21', 75, 648, 6, 4, 'active'),
(37, 'Dicta iste alias.', 95, '2011-09-01', 100, 214, 2, 3, 'active'),
(38, 'Iure amet impedit.', 55, '2003-02-25', 69, 311, 3, 6, 'active'),
(39, 'Totam repellat et possimus.', 32, '1987-07-09', 93, 324, 6, 1, 'active'),
(40, 'Maxime ut autem consequatur.', 45, '2005-01-16', 59, 456, 1, 5, 'active'),
(41, 'Repudiandae dicta similique.', 64, '1988-04-18', 75, 41, 6, 1, 'active'),
(42, 'Quos vel deserunt.', 72, '2016-05-07', 16, 126, 4, 3, 'active'),
(43, 'Adipisci numquam quia.', 53, '1995-09-08', 27, 309, 2, 1, 'active'),
(44, 'Dolorum tempora eum non.', 71, '1991-10-28', 6, 786, 3, 3, 'active'),
(45, 'Eos voluptas et nostrum.', 78, '2018-03-11', 59, 794, 6, 6, 'active'),
(46, 'Cupiditate ea aut possimus commodi.', 93, '1984-07-07', 16, 79, 4, 4, 'active'),
(47, 'Dolor modi earum.', 81, '1978-04-16', 38, 785, 5, 6, 'active'),
(48, 'Quis aliquam commodi nihil.', 43, '1985-11-24', 8, 926, 5, 2, 'active'),
(49, 'Dolores eum qui architecto.', 11, '1994-07-17', 47, 224, 3, 2, 'active'),
(50, 'Ut et dolor.', 100, '2021-01-21', 33, 274, 3, 5, 'active'),
(51, 'Est ipsam temporibus ut.', 8, '1981-09-28', 13, 580, 5, 6, 'active'),
(52, 'Cupiditate corrupti dolores facere.', 61, '1974-02-18', 17, 809, 4, 1, 'active'),
(53, 'Sed et iste qui.', 50, '1993-01-03', 82, 581, 1, 6, 'active'),
(54, 'Qui hic dolorem ea.', 24, '2022-02-23', 83, 595, 3, 5, 'active'),
(55, 'Corporis aut qui laboriosam itaque.', 80, '1985-07-07', 83, 595, 3, 3, 'active'),
(56, 'Delectus sed cum.', 21, '2023-11-16', 72, 303, 5, 6, 'active'),
(57, 'Dolor repellat.', 70, '2000-11-03', 98, 666, 2, 4, 'active'),
(58, 'In consequuntur eos.', 8, '2012-04-24', 37, 574, 4, 1, 'active'),
(59, 'Sunt nobis et.', 11, '2004-01-22', 62, 769, 5, 6, 'active'),
(60, 'Maxime quidem nulla.', 64, '1999-08-18', 58, 628, 6, 3, 'active'),
(61, 'Ab sapiente beatae.', 13, '1993-05-30', 98, 967, 6, 3, 'active'),
(62, 'Suscipit impedit voluptatum.', 9, '2006-12-12', 44, 804, 6, 5, 'active'),
(63, 'Magni amet quo.', 94, '1980-12-26', 35, 905, 3, 2, 'active'),
(64, 'Nobis non et.', 67, '1978-01-05', 8, 707, 1, 4, 'active'),
(65, 'Aliquid eaque.', 76, '2018-03-15', 18, 134, 5, 2, 'active'),
(66, 'Quisquam aut sapiente aut.', 58, '1989-06-13', 52, 731, 4, 2, 'active'),
(67, 'Unde quis impedit.', 23, '2017-08-08', 70, 610, 3, 4, 'active'),
(68, 'Aut dignissimos voluptas.', 71, '1983-04-14', 28, 347, 2, 5, 'active'),
(69, 'Aspernatur est accusamus in sequi.', 55, '2015-04-21', 74, 591, 2, 4, 'active'),
(70, 'In veritatis sit.', 18, '1986-12-03', 44, 110, 2, 3, 'active'),
(71, 'Dolor adipisci consequatur beatae.', 94, '2005-01-27', 68, 113, 4, 2, 'active'),
(72, 'In iusto consequuntur odio.', 52, '1988-01-26', 87, 690, 4, 4, 'active'),
(73, 'Enim minus.', 11, '2001-10-22', 70, 125, 1, 6, 'active'),
(74, 'Consequatur aut rerum et.', 80, '2016-03-02', 69, 218, 6, 6, 'active'),
(75, 'Provident sint quam ab.', 65, '2011-12-25', 30, 260, 4, 5, 'active'),
(76, 'Vero quasi animi velit.', 33, '2002-04-13', 63, 533, 5, 5, 'active'),
(77, 'Est aspernatur nihil.', 36, '1992-02-03', 73, 202, 6, 6, 'active'),
(78, 'Aperiam dignissimos dolor velit.', 11, '1990-08-27', 14, 981, 2, 4, 'active'),
(79, 'Sit rerum autem.', 51, '2001-11-25', 32, 645, 4, 5, 'active'),
(80, 'Iste soluta eum dolor.', 79, '1983-08-31', 57, 165, 4, 6, 'active'),
(81, 'Aperiam et blanditiis.', 83, '2009-12-08', 8, 550, 5, 2, 'active'),
(82, 'Est dicta animi.', 100, '1978-07-06', 50, 192, 4, 3, 'active'),
(83, 'Magnam molestiae sint.', 51, '1984-06-26', 35, 249, 6, 2, 'active'),
(84, 'Doloribus officiis ut consequuntur.', 26, '2019-03-08', 8, 101, 5, 3, 'active'),
(85, 'Doloremque modi dolore.', 21, '2003-10-19', 72, 383, 6, 4, 'active'),
(86, 'Voluptas quam pariatur.', 1, '2013-08-13', 93, 24, 6, 2, 'active'),
(87, 'Est culpa non numquam.', 4, '2022-03-18', 21, 85, 6, 4, 'active'),
(88, 'Rerum commodi alias quam harum.', 69, '2015-11-26', 66, 730, 2, 4, 'active'),
(89, 'Nihil tempore repudiandae excepturi.', 4, '2022-05-09', 49, 280, 4, 3, 'active'),
(90, 'Facilis laudantium quo harum.', 87, '2005-03-26', 27, 149, 2, 4, 'active'),
(91, 'Accusamus et culpa sint.', 69, '2014-11-24', 88, 877, 6, 6, 'active'),
(92, 'Sint dignissimos vel.', 100, '2008-10-10', 90, 134, 4, 2, 'active'),
(93, 'Voluptatem labore velit et placeat.', 25, '2012-08-04', 72, 129, 5, 3, 'active'),
(94, 'At iure qui.', 62, '1996-11-06', 74, 123, 1, 2, 'active'),
(95, 'Sint molestias ea.', 47, '1975-10-01', 74, 519, 1, 6, 'active'),
(96, 'Magni quae adipisci exercitationem.', 87, '1988-05-17', 30, 418, 3, 3, 'active'),
(97, 'Ea omnis quis aut.', 85, '2008-07-16', 79, 394, 3, 1, 'active'),
(98, 'Velit nulla.', 93, '2022-01-17', 76, 889, 2, 3, 'active'),
(99, 'Veritatis animi dolorum doloribus.', 76, '1976-08-17', 81, 495, 4, 3, 'active'),
(100, 'Id quis amet.', 11, '1981-03-23', 26, 975, 6, 6, 'active'),
(101, 'Doloremque sed aspernatur aspernatur.', 67, '1976-10-24', 92, 84, 2, 6, 'active'),
(102, 'Doloremque animi ut.', 90, '1972-04-02', 82, 299, 5, 3, 'active'),
(103, 'Aliquam possimus ipsum voluptas.', 42, '2000-09-01', 91, 784, 3, 5, 'active'),
(104, 'Alias exercitationem maxime.', 55, '2006-06-30', 32, 53, 4, 5, 'active'),
(105, 'Et voluptatem quos.', 45, '1990-01-18', 2, 487, 4, 5, 'active'),
(106, 'Illum accusantium asperiores.', 94, '1998-05-23', 84, 260, 6, 5, 'active'),
(107, 'Vel voluptas sunt perspiciatis.', 10, '2017-10-19', 64, 300, 6, 3, 'active'),
(108, 'Pariatur quisquam inventore.', 35, '1973-04-26', 23, 740, 3, 6, 'active'),
(109, 'Perferendis rerum ipsam.', 9, '1975-10-18', 52, 351, 4, 4, 'active'),
(110, 'Rerum enim.', 54, '2000-05-10', 41, 636, 5, 5, 'active'),
(111, 'Ut dolores dolores.', 84, '2014-10-11', 52, 267, 5, 6, 'active'),
(112, 'Officia harum temporibus veritatis.', 7, '2006-12-21', 12, 989, 6, 5, 'active'),
(113, 'Nesciunt odit excepturi eum.', 74, '1996-02-29', 18, 159, 1, 3, 'active'),
(114, 'Cupiditate mollitia neque.', 43, '1972-05-16', 31, 366, 6, 6, 'active'),
(115, 'Sit amet libero.', 34, '1992-07-19', 92, 411, 3, 6, 'active'),
(116, 'Ab dolorum voluptate.', 6, '2023-03-05', 79, 914, 4, 4, 'active'),
(117, 'Ad molestiae aspernatur.', 5, '1992-11-02', 48, 556, 3, 1, 'active'),
(118, 'Harum officiis omnis laboriosam.', 94, '2009-01-13', 59, 303, 5, 1, 'active'),
(119, 'Quos facilis quasi temporibus.', 27, '2011-01-26', 83, 181, 3, 3, 'active'),
(120, 'Neque dicta nobis.', 80, '1986-05-07', 83, 790, 3, 4, 'active'),
(121, 'Vel dolor possimus.', 57, '2017-07-27', 46, 665, 2, 4, 'active'),
(122, 'Ad voluptatem aut.', 16, '1970-07-28', 95, 580, 5, 2, 'active'),
(123, 'Quia aut adipisci voluptatem.', 66, '1997-06-28', 33, 293, 5, 1, 'active'),
(124, 'Eveniet commodi eveniet saepe.', 85, '2013-02-07', 78, 248, 6, 2, 'active'),
(125, 'Dolorem ad tenetur.', 38, '1998-03-16', 62, 41, 1, 1, 'active'),
(126, 'Laboriosam qui veritatis.', 74, '2004-11-08', 20, 371, 4, 3, 'active'),
(127, 'Fugiat ut voluptatibus ut et.', 49, '1985-08-12', 36, 807, 6, 3, 'active'),
(128, 'Totam perspiciatis fugit.', 51, '2024-04-08', 21, 842, 2, 6, 'active'),
(129, 'Esse autem occaecati.', 70, '2006-12-18', 44, 117, 2, 1, 'active'),
(130, 'Quo unde consequuntur velit.', 49, '2011-01-16', 60, 621, 2, 1, 'active'),
(131, 'Id autem asperiores excepturi.', 91, '1974-03-16', 28, 70, 2, 1, 'active'),
(132, 'Sed quis quia harum.', 64, '2018-01-21', 32, 752, 6, 3, 'active'),
(133, 'Maiores id autem minima.', 73, '2009-09-29', 72, 309, 3, 4, 'active'),
(134, 'Fuga rerum aut est.', 96, '2023-06-05', 90, 505, 5, 2, 'active'),
(135, 'Dolorem aspernatur magni magni.', 95, '1997-08-18', 7, 275, 1, 5, 'active'),
(136, 'Consequuntur aut doloremque quibusdam.', 22, '1974-07-19', 82, 631, 6, 5, 'active'),
(137, 'Sapiente ut minima.', 28, '1989-09-26', 31, 788, 2, 2, 'active'),
(138, 'Aliquam impedit fuga.', 84, '1978-02-21', 29, 39, 1, 2, 'active'),
(139, 'Vel at est.', 99, '1977-02-15', 98, 116, 4, 5, 'active'),
(140, 'Expedita dolor quibusdam exercitationem.', 44, '1996-05-20', 5, 395, 4, 6, 'active'),
(141, 'Quibusdam non veritatis.', 51, '2015-06-11', 99, 451, 2, 2, 'active'),
(142, 'Consequuntur omnis repellat.', 39, '1981-06-26', 41, 327, 1, 6, 'active'),
(143, 'Sint voluptates facere.', 29, '2022-12-22', 37, 769, 6, 2, 'active'),
(144, 'Beatae consectetur aperiam sapiente.', 3, '1994-03-31', 44, 178, 5, 6, 'active'),
(145, 'Nobis assumenda odio quia.', 5, '2005-03-14', 84, 277, 5, 4, 'active'),
(146, 'Fugit voluptas repellat sunt.', 11, '1983-01-01', 1, 426, 1, 5, 'active'),
(147, 'Maxime aut non exercitationem consequatur.', 10, '1980-06-01', 11, 539, 2, 2, 'active'),
(148, 'Fugit magnam ea et.', 37, '2016-03-18', 15, 682, 4, 5, 'active'),
(149, 'Expedita nemo aut et.', 31, '2006-09-08', 94, 493, 4, 4, 'active'),
(150, 'Qui optio ducimus culpa.', 47, '2000-12-11', 38, 222, 1, 4, 'active'),
(151, 'Nobis iste nihil.', 86, '2020-04-17', 19, 292, 1, 3, 'active'),
(152, 'Voluptates molestias assumenda quam.', 64, '2003-04-25', 15, 738, 5, 3, 'active'),
(153, 'Aliquid ullam beatae.', 22, '1978-03-13', 95, 754, 3, 2, 'active'),
(154, 'Occaecati nisi vel.', 37, '2004-12-28', 72, 811, 1, 6, 'active'),
(155, 'Dignissimos hic dignissimos qui.', 8, '2010-12-22', 86, 959, 6, 2, 'active'),
(156, 'Ducimus eligendi et saepe.', 96, '1970-11-27', 70, 478, 4, 6, 'active'),
(157, 'Labore eius voluptatibus debitis.', 88, '1978-01-18', 47, 883, 5, 3, 'active'),
(158, 'Vitae libero ut commodi harum.', 29, '2001-03-24', 23, 710, 5, 6, 'active'),
(159, 'Voluptatum nihil laudantium.', 40, '1998-04-23', 7, 106, 5, 3, 'active'),
(160, 'Laborum et aspernatur aut.', 48, '2005-07-26', 31, 708, 2, 6, 'active'),
(161, 'Dolorem id et autem.', 70, '2016-12-05', 26, 429, 4, 2, 'active'),
(162, 'Cupiditate sapiente reiciendis et.', 58, '2013-01-05', 56, 714, 5, 5, 'active'),
(163, 'Consequatur tenetur ipsam.', 84, '1999-05-06', 62, 14, 3, 4, 'active'),
(164, 'Corporis ut voluptas et.', 38, '1975-11-22', 17, 83, 3, 1, 'active'),
(165, 'Enim dolor vitae eos.', 58, '2020-12-01', 4, 28, 5, 6, 'active'),
(166, 'Sed asperiores harum.', 31, '1987-02-09', 39, 234, 2, 6, 'active'),
(167, 'Quaerat error libero et aperiam.', 79, '1995-01-28', 2, 386, 5, 4, 'active'),
(168, 'Possimus quidem qui.', 78, '1997-03-02', 14, 736, 1, 2, 'active'),
(169, 'Neque reiciendis sit.', 75, '2016-12-04', 1, 358, 1, 2, 'active'),
(170, 'Quibusdam fugit nemo voluptatibus.', 78, '2011-09-23', 30, 996, 6, 1, 'active'),
(171, 'Qui laborum praesentium.', 4, '2023-10-06', 90, 608, 3, 3, 'active'),
(172, 'Non praesentium odio repudiandae.', 61, '1981-06-08', 39, 18, 3, 1, 'active'),
(173, 'Quidem dicta vitae omnis.', 48, '2019-04-22', 69, 446, 2, 4, 'active'),
(174, 'Enim suscipit non quibusdam.', 24, '2018-12-11', 11, 262, 2, 1, 'active'),
(175, 'Error facilis excepturi.', 93, '1998-06-29', 85, 64, 1, 2, 'active'),
(176, 'Harum nisi nemo.', 20, '1973-10-21', 82, 749, 4, 4, 'active'),
(177, 'Eum at tempore et.', 79, '2001-05-12', 27, 748, 6, 4, 'active'),
(178, 'Rerum quaerat qui.', 72, '1995-07-12', 25, 289, 5, 6, 'active'),
(179, 'Qui sapiente delectus.', 36, '2014-08-16', 79, 334, 5, 3, 'active'),
(180, 'Laboriosam vel et.', 7, '2024-01-17', 61, 743, 2, 5, 'active'),
(181, 'Dolorem facilis praesentium consequatur.', 90, '2013-12-01', 38, 748, 6, 1, 'active'),
(182, 'Eum ipsum dolore similique.', 96, '1974-05-09', 64, 238, 5, 2, 'active'),
(183, 'Rerum ut cumque voluptatem.', 36, '1970-01-12', 100, 978, 2, 1, 'active'),
(184, 'Neque sit.', 35, '2010-09-01', 16, 79, 2, 3, 'active'),
(185, 'Ut praesentium accusamus fuga.', 87, '2016-05-11', 66, 481, 4, 5, 'active'),
(186, 'Nobis ipsa omnis sint.', 59, '1981-08-04', 35, 590, 6, 1, 'active'),
(187, 'Ut quod veritatis.', 55, '1974-10-06', 78, 360, 1, 1, 'active'),
(188, 'Sit similique optio.', 5, '2003-08-06', 31, 760, 5, 5, 'active'),
(189, 'Est quis aut dolorem.', 17, '2014-07-10', 50, 958, 4, 6, 'active'),
(190, 'Qui perferendis sed ea.', 42, '2001-08-06', 34, 442, 5, 1, 'active'),
(191, 'Sit consequatur.', 82, '1974-09-10', 57, 485, 6, 4, 'active'),
(192, 'Numquam ullam non occaecati.', 60, '1989-12-08', 26, 960, 5, 6, 'active'),
(193, 'Et nostrum quam iusto.', 24, '1997-08-24', 22, 583, 5, 1, 'active'),
(194, 'Et tenetur facilis sit minus.', 12, '1982-10-25', 60, 649, 4, 1, 'active'),
(195, 'Et voluptatem et commodi.', 46, '1983-05-19', 93, 248, 2, 4, 'active'),
(196, 'Enim voluptatem ut aut.', 87, '1980-11-19', 98, 510, 6, 2, 'active'),
(197, 'Aut accusantium voluptas.', 56, '1997-11-27', 61, 966, 6, 5, 'active'),
(198, 'Facere dolores aut quaerat.', 2, '2019-06-23', 43, 643, 3, 2, 'active'),
(199, 'In beatae atque pariatur.', 66, '2007-01-29', 44, 724, 5, 4, 'active'),
(200, 'Quo non.', 50, '1981-02-18', 3, 890, 2, 5, 'active'),
(201, 'Quisquam magnam aliquid.', 57, '2017-06-10', 72, 372, 4, 6, 'active'),
(202, 'Pariatur voluptatem qui.', 52, '1972-07-16', 58, 899, 1, 1, 'active'),
(203, 'Perspiciatis iste consequatur.', 73, '1971-06-03', 83, 598, 1, 2, 'active'),
(204, 'Minus id eum rerum.', 58, '2023-10-15', 55, 587, 4, 5, 'active'),
(205, 'Voluptatem incidunt dolorem ipsum.', 93, '2019-08-10', 15, 496, 6, 2, 'active'),
(206, 'Mollitia soluta impedit fuga.', 91, '2005-11-02', 24, 343, 6, 3, 'active'),
(207, 'Sapiente id dolores quis.', 98, '1988-12-14', 24, 692, 6, 3, 'active'),
(208, 'Et consequatur.', 38, '2017-12-10', 35, 479, 2, 3, 'active'),
(209, 'Hic et quibusdam ipsa eos.', 79, '2007-05-18', 15, 43, 4, 6, 'active'),
(210, 'Voluptate quisquam occaecati neque.', 31, '1981-11-07', 2, 689, 6, 5, 'active'),
(211, 'Neque qui sapiente incidunt.', 15, '1988-02-01', 1, 577, 2, 5, 'active'),
(212, 'Similique vero nesciunt.', 49, '2017-08-14', 85, 329, 4, 1, 'active'),
(213, 'Ipsam saepe libero.', 18, '2012-02-13', 86, 441, 4, 4, 'active'),
(214, 'Et voluptatem quo praesentium.', 69, '2015-01-15', 78, 304, 3, 2, 'active'),
(215, 'Eum voluptatem iste.', 2, '2007-11-24', 1, 239, 5, 2, 'active'),
(216, 'Eos doloremque et labore.', 72, '1985-03-09', 63, 395, 2, 3, 'active'),
(217, 'Sint ad in totam.', 62, '1999-06-22', 32, 223, 1, 5, 'active'),
(218, 'Nemo quia et aut ratione.', 26, '1986-03-23', 63, 950, 5, 6, 'active'),
(219, 'Perferendis voluptate est.', 15, '1987-02-09', 16, 177, 3, 3, 'active'),
(220, 'Ullam hic ducimus illo nihil.', 77, '2001-05-31', 65, 272, 2, 5, 'active'),
(221, 'Iusto quia ipsum ab qui.', 83, '1998-11-24', 66, 482, 3, 3, 'active'),
(222, 'Quo nesciunt ipsum.', 27, '2000-10-20', 46, 678, 3, 4, 'active'),
(223, 'Sed ut non aut.', 17, '1980-02-10', 87, 130, 3, 6, 'active'),
(224, 'Dolorem natus fugit.', 69, '1984-11-16', 33, 648, 3, 5, 'active'),
(225, 'Sunt est culpa.', 18, '1988-03-20', 88, 495, 6, 5, 'active'),
(226, 'Nihil et necessitatibus consequuntur.', 28, '2000-05-07', 66, 669, 3, 2, 'active'),
(227, 'Incidunt totam voluptatem porro est.', 79, '1973-09-08', 78, 325, 1, 1, 'active'),
(228, 'Rem sunt sunt et dolorem.', 40, '1985-02-05', 67, 507, 3, 1, 'active'),
(229, 'Accusantium accusantium nemo aut.', 98, '1989-04-25', 78, 780, 6, 6, 'active'),
(230, 'Odit officiis quo.', 36, '1974-03-05', 79, 70, 5, 3, 'active'),
(231, 'Ab blanditiis velit nisi.', 56, '2018-06-15', 67, 194, 6, 3, 'active'),
(232, 'Reprehenderit perferendis doloribus at.', 84, '2015-06-09', 96, 85, 3, 6, 'active'),
(233, 'Ut ullam quia.', 74, '2000-02-09', 61, 687, 4, 1, 'active'),
(234, 'Id eligendi.', 68, '2007-10-21', 66, 312, 4, 4, 'active'),
(235, 'Cumque nemo non numquam.', 59, '2008-08-20', 37, 405, 2, 3, 'active'),
(236, 'Cumque est consequatur ut hic.', 15, '2004-08-24', 33, 573, 4, 1, 'active'),
(237, 'Corrupti molestias eaque nesciunt.', 86, '1984-09-10', 79, 126, 1, 4, 'active'),
(238, 'Quia ab dolorum.', 49, '1972-03-10', 48, 28, 2, 5, 'active'),
(239, 'Ea deserunt laudantium.', 72, '1990-12-25', 32, 280, 6, 4, 'active'),
(240, 'Saepe architecto rerum necessitatibus non.', 12, '1984-07-12', 81, 428, 1, 4, 'active'),
(241, 'Aut deserunt sed qui.', 10, '1995-06-14', 59, 33, 3, 3, 'active'),
(242, 'Aut possimus nam vero.', 20, '1970-06-20', 7, 490, 1, 1, 'active'),
(243, 'Omnis rerum expedita dolorum.', 35, '1982-10-14', 74, 757, 6, 1, 'active'),
(244, 'Qui praesentium.', 86, '1986-10-30', 4, 88, 1, 5, 'active'),
(245, 'Ad cum assumenda atque.', 57, '2000-12-27', 85, 576, 3, 3, 'active'),
(246, 'Consectetur dolores velit.', 8, '1997-04-10', 30, 178, 3, 6, 'active'),
(247, 'Illum incidunt qui.', 31, '1986-08-19', 83, 494, 2, 2, 'active'),
(248, 'Aspernatur culpa facilis ipsa.', 35, '1987-05-14', 84, 100, 4, 1, 'active'),
(249, 'Fugit ab facere.', 52, '2017-10-14', 43, 464, 3, 5, 'active'),
(250, 'Occaecati aut officia est.', 98, '2023-02-14', 4, 491, 4, 3, 'active'),
(251, 'Sed id qui a.', 97, '1990-12-02', 9, 111, 1, 1, 'active'),
(252, 'Qui aliquam molestias doloremque.', 53, '2020-08-09', 96, 821, 5, 3, 'active'),
(253, 'Et sequi ipsum.', 86, '1999-09-11', 22, 752, 3, 6, 'active'),
(254, 'Quo beatae ea rerum.', 95, '2002-05-28', 33, 265, 4, 6, 'active'),
(255, 'Rem incidunt et.', 52, '1976-01-03', 10, 473, 5, 4, 'active'),
(256, 'Quo atque saepe saepe.', 41, '1982-08-11', 70, 135, 1, 1, 'active'),
(257, 'Repellendus molestiae aut expedita dicta.', 66, '1997-04-09', 22, 325, 6, 1, 'active'),
(258, 'Cumque quidem hic.', 83, '2011-01-09', 15, 601, 6, 1, 'active'),
(259, 'Et ex quis.', 80, '2000-07-10', 6, 589, 6, 4, 'active'),
(260, 'Aut dolorem ab et.', 43, '2003-08-31', 34, 268, 6, 6, 'active'),
(261, 'Quia et consequatur quae.', 41, '1979-11-16', 28, 123, 2, 3, 'active'),
(262, 'Vel aspernatur voluptates.', 24, '1984-11-27', 79, 192, 1, 1, 'active'),
(263, 'Ut est exercitationem.', 21, '1970-09-14', 34, 419, 4, 4, 'active'),
(264, 'Expedita provident ratione.', 70, '2017-01-16', 51, 736, 2, 6, 'active'),
(265, 'Qui ullam consequatur velit.', 1, '2006-08-11', 38, 732, 2, 2, 'active'),
(266, 'Est laboriosam ullam consequuntur.', 42, '2007-12-23', 42, 520, 3, 5, 'active'),
(267, 'Sed doloremque cupiditate.', 100, '1981-05-07', 2, 738, 2, 1, 'active'),
(268, 'Sit consequatur error.', 44, '1988-12-17', 12, 570, 3, 1, 'active'),
(269, 'Quod dicta nemo.', 25, '1984-10-12', 41, 442, 2, 1, 'active'),
(270, 'Voluptatem vel voluptates illo.', 72, '1972-04-03', 98, 608, 2, 3, 'active'),
(271, 'A incidunt iste dolor.', 37, '1994-01-14', 84, 241, 6, 2, 'active'),
(272, 'Vitae repellendus dolores.', 71, '2006-07-06', 31, 401, 3, 1, 'active'),
(273, 'Dolor dolor est et.', 14, '2017-02-19', 90, 836, 1, 6, 'active'),
(274, 'Est nihil ratione.', 18, '1987-09-21', 31, 762, 2, 2, 'active'),
(275, 'Quia occaecati nisi dolorum qui.', 86, '2004-12-22', 22, 797, 3, 1, 'active'),
(276, 'Libero repellat qui corporis.', 33, '1977-11-14', 27, 168, 2, 5, 'active'),
(277, 'Suscipit sunt harum corrupti.', 49, '2019-05-20', 31, 944, 6, 2, 'active'),
(278, 'Aut corrupti velit.', 28, '2014-08-25', 18, 193, 4, 4, 'active'),
(279, 'Minima qui ab accusantium consectetur.', 27, '1972-12-11', 62, 434, 1, 4, 'active'),
(280, 'Ut aut nam est.', 46, '1988-06-04', 52, 516, 4, 6, 'active'),
(281, 'Iusto est illum qui.', 73, '1999-09-12', 46, 694, 1, 6, 'active'),
(282, 'In id perferendis non.', 24, '2023-11-30', 63, 621, 2, 6, 'active'),
(283, 'Vel nulla consequatur blanditiis.', 83, '1987-06-12', 28, 994, 6, 5, 'active'),
(284, 'Alias enim cum voluptatem.', 60, '1984-03-14', 25, 926, 6, 6, 'active'),
(285, 'Non atque placeat perferendis.', 22, '1997-09-25', 14, 721, 1, 5, 'active'),
(286, 'Laborum vel rem ipsum.', 9, '1986-11-05', 20, 996, 4, 6, 'active'),
(287, 'Laboriosam maxime cum labore ea.', 34, '2010-10-07', 59, 876, 1, 5, 'active'),
(288, 'Pariatur voluptates quis unde quis.', 40, '2003-07-08', 7, 308, 6, 6, 'active'),
(289, 'Voluptate in.', 6, '1999-09-30', 98, 357, 5, 2, 'active'),
(290, 'Quos minus quis.', 94, '1983-06-02', 47, 342, 4, 5, 'active'),
(291, 'Cupiditate accusantium quo molestiae.', 27, '2017-09-10', 24, 383, 5, 6, 'active'),
(292, 'Eum dignissimos deleniti occaecati ducimus.', 96, '1986-06-05', 93, 191, 6, 2, 'active'),
(293, 'Voluptas et in dolores.', 10, '2012-12-14', 93, 379, 6, 2, 'active'),
(294, 'Quam eveniet.', 40, '2006-06-05', 79, 248, 3, 2, 'active'),
(295, 'Corporis optio in.', 97, '2016-07-25', 61, 663, 2, 5, 'active'),
(296, 'Eius iusto ipsam animi consequatur.', 11, '2001-04-12', 96, 100, 3, 5, 'active'),
(297, 'Nisi magni repellat.', 24, '1970-06-06', 59, 18, 4, 1, 'active'),
(298, 'Reiciendis dolore nemo qui.', 14, '2000-05-28', 71, 93, 1, 2, 'active'),
(299, 'Iure inventore nesciunt aut enim.', 83, '2013-03-07', 33, 306, 5, 4, 'active'),
(300, 'Et ut adipisci quis.', 64, '2022-09-17', 100, 195, 1, 2, 'active'),
(301, 'Ea quaerat aut expedita.', 7, '1973-09-26', 85, 829, 6, 2, 'active'),
(302, 'Sunt est praesentium in.', 85, '2001-10-14', 14, 26, 4, 3, 'active'),
(303, 'Velit voluptatem.', 59, '2018-03-26', 65, 804, 2, 6, 'active'),
(304, 'Dolores dolorem dolorem.', 53, '1972-07-06', 60, 592, 6, 3, 'active'),
(305, 'Ut omnis et labore.', 64, '2001-04-14', 71, 778, 6, 4, 'active'),
(306, 'Aut ut eius commodi.', 76, '1979-11-05', 77, 707, 5, 6, 'active'),
(307, 'Laboriosam sit animi vel quis.', 99, '1987-06-29', 23, 458, 1, 3, 'active'),
(308, 'Est reprehenderit eos.', 41, '1992-07-26', 78, 905, 1, 4, 'active'),
(309, 'Tenetur quia odit dicta.', 33, '1974-11-19', 81, 848, 4, 4, 'active'),
(310, 'Voluptatem culpa consectetur et incidunt.', 18, '1983-10-01', 13, 759, 5, 5, 'active'),
(311, 'Commodi repellendus et.', 97, '2008-01-18', 12, 921, 1, 3, 'active'),
(312, 'Rem dolor in est.', 44, '2013-10-23', 41, 794, 6, 6, 'active'),
(313, 'Est similique qui.', 5, '1984-04-25', 96, 73, 1, 2, 'active'),
(314, 'Vitae esse aut.', 9, '1982-02-04', 23, 494, 4, 3, 'active'),
(315, 'Id id nihil.', 55, '1992-01-01', 29, 207, 6, 6, 'active'),
(316, 'Tenetur iusto quidem eaque.', 49, '1986-04-04', 85, 982, 3, 6, 'active'),
(317, 'Dicta in.', 25, '2011-03-27', 21, 621, 3, 3, 'active'),
(318, 'Voluptate delectus cumque.', 83, '1980-07-31', 16, 734, 6, 2, 'active'),
(319, 'Consequatur iusto in.', 51, '1982-01-28', 61, 554, 6, 5, 'active'),
(320, 'Ea et voluptas consectetur.', 16, '2017-09-12', 90, 138, 6, 3, 'active'),
(321, 'Quibusdam fugiat voluptates numquam.', 4, '1998-11-11', 54, 257, 2, 6, 'active'),
(322, 'Quaerat et omnis.', 9, '1974-04-02', 95, 182, 6, 2, 'active'),
(323, 'Ut numquam aut ratione.', 56, '1984-11-28', 97, 584, 6, 4, 'active'),
(324, 'Inventore amet.', 97, '1989-10-22', 49, 781, 6, 6, 'active'),
(325, 'At consequatur quos magni.', 6, '2016-11-22', 75, 822, 2, 6, 'active'),
(326, 'Totam labore non esse.', 92, '1977-02-07', 69, 204, 2, 1, 'active'),
(327, 'In explicabo sunt praesentium.', 68, '2020-09-07', 86, 523, 3, 2, 'active'),
(328, 'Saepe aperiam nihil.', 76, '2004-06-30', 12, 327, 6, 6, 'active'),
(329, 'Ipsam numquam quia.', 3, '2013-08-10', 9, 410, 6, 1, 'active'),
(330, 'Minus sed numquam quia voluptas.', 70, '1973-05-19', 74, 270, 2, 1, 'active'),
(331, 'Voluptas natus unde.', 83, '1971-07-08', 65, 271, 5, 5, 'active'),
(332, 'Qui sunt qui consequatur.', 7, '2018-05-20', 95, 875, 2, 5, 'active'),
(333, 'Ea aliquid ut.', 25, '2013-08-08', 25, 255, 3, 6, 'active'),
(334, 'Repellendus neque laboriosam quis.', 67, '1981-11-22', 79, 481, 3, 1, 'active'),
(335, 'Autem reprehenderit repellat.', 37, '1977-07-14', 29, 655, 3, 6, 'active'),
(336, 'Officiis consequatur ea ut.', 41, '1978-11-25', 58, 466, 3, 3, 'active'),
(337, 'Repellat vel omnis.', 12, '1988-02-18', 51, 139, 2, 1, 'active'),
(338, 'Tempora accusantium id.', 100, '1974-03-01', 30, 644, 1, 5, 'active'),
(339, 'Quibusdam et molestiae.', 30, '1996-10-03', 34, 638, 4, 2, 'active'),
(340, 'Sunt qui illo.', 43, '1984-03-26', 32, 27, 6, 6, 'active'),
(341, 'Illum expedita alias.', 87, '2001-09-09', 97, 636, 4, 6, 'active'),
(342, 'Est et exercitationem maiores.', 55, '1980-10-20', 87, 172, 1, 6, 'active'),
(343, 'Eum quaerat sunt.', 50, '2001-09-19', 77, 825, 1, 3, 'active'),
(344, 'Sit eius quis laudantium.', 80, '2000-05-13', 78, 648, 5, 2, 'active'),
(345, 'Consequatur voluptatem adipisci.', 93, '1981-10-13', 98, 319, 2, 3, 'active'),
(346, 'Et voluptatem vel.', 51, '1976-04-08', 15, 775, 6, 4, 'active'),
(347, 'Officia nam aut.', 80, '1971-03-23', 53, 466, 4, 3, 'active'),
(348, 'Et dolor quia qui.', 65, '2008-09-20', 94, 250, 2, 4, 'active'),
(349, 'Optio enim repellendus.', 84, '2011-11-10', 96, 57, 6, 2, 'active'),
(350, 'Voluptas cum nihil quos et.', 10, '1995-09-18', 86, 482, 5, 4, 'active'),
(351, 'Illo architecto voluptas maxime.', 13, '2021-07-13', 82, 919, 2, 2, 'active'),
(352, 'Eum repellat qui rem.', 66, '1987-07-25', 84, 958, 3, 6, 'active'),
(353, 'Doloribus aut commodi.', 54, '1983-03-08', 52, 670, 1, 3, 'active'),
(354, 'Consectetur deleniti harum quisquam.', 83, '2019-07-27', 66, 481, 2, 4, 'active'),
(355, 'Ipsam vero error vel quia.', 1, '1976-10-27', 35, 669, 2, 5, 'active'),
(356, 'Adipisci ab consequuntur.', 53, '1983-03-18', 96, 81, 2, 2, 'active'),
(357, 'Sit doloremque quo aut.', 27, '2011-09-29', 86, 733, 3, 3, 'active'),
(358, 'Aut vero sed.', 28, '1995-07-14', 74, 805, 3, 6, 'active'),
(359, 'Non unde omnis.', 13, '1970-05-11', 57, 522, 3, 3, 'active'),
(360, 'Temporibus harum repudiandae.', 51, '1971-12-26', 99, 15, 1, 2, 'active'),
(361, 'At eos placeat.', 8, '1975-05-10', 72, 426, 6, 5, 'active'),
(362, 'Quia aperiam nostrum.', 46, '2009-01-02', 16, 360, 3, 5, 'active'),
(363, 'Ad autem aliquid.', 68, '2016-07-21', 25, 519, 2, 2, 'active'),
(364, 'Dolor rerum et.', 25, '2023-07-28', 36, 416, 3, 6, 'active'),
(365, 'Dolorem libero consequatur.', 28, '2019-10-21', 20, 17, 6, 6, 'active'),
(366, 'Illo deleniti molestias qui voluptatem.', 53, '2018-01-18', 22, 848, 1, 2, 'active'),
(367, 'Est suscipit.', 33, '1971-11-30', 72, 310, 3, 5, 'active'),
(368, 'Distinctio explicabo fuga.', 42, '1998-01-21', 41, 410, 2, 1, 'active'),
(369, 'Alias nulla vitae eos.', 17, '2015-12-29', 73, 883, 3, 5, 'active'),
(370, 'Excepturi voluptate expedita.', 98, '1991-02-25', 54, 784, 5, 6, 'active'),
(371, 'Reiciendis commodi velit incidunt.', 72, '1972-12-03', 74, 37, 3, 5, 'active'),
(372, 'In voluptates quisquam.', 9, '1977-11-01', 73, 592, 4, 3, 'active'),
(373, 'Ut ut dolore nemo.', 95, '1992-12-06', 68, 113, 1, 3, 'active'),
(374, 'Nulla et molestiae earum.', 82, '2015-01-05', 44, 637, 1, 6, 'active'),
(375, 'Dolorum ut optio.', 33, '1994-02-03', 65, 666, 1, 5, 'active'),
(376, 'Vero molestiae sunt sunt rerum.', 76, '1980-10-07', 25, 375, 4, 5, 'active'),
(377, 'Ad pariatur iusto assumenda.', 92, '2018-09-25', 31, 506, 2, 1, 'active'),
(378, 'Sit recusandae ut.', 8, '1978-01-17', 5, 859, 5, 3, 'active'),
(379, 'Est sunt at.', 87, '1980-08-11', 13, 263, 2, 3, 'active'),
(380, 'Quaerat sit voluptatibus iste.', 87, '2020-05-13', 28, 711, 6, 2, 'active'),
(381, 'Eveniet autem fugiat.', 68, '2023-03-27', 4, 304, 6, 5, 'active'),
(382, 'Exercitationem ea in et.', 86, '1971-11-03', 68, 505, 6, 6, 'active'),
(383, 'Illum et architecto neque.', 87, '1981-08-03', 63, 493, 3, 5, 'active'),
(384, 'Voluptatum et eius harum.', 70, '1973-02-10', 72, 981, 2, 6, 'active'),
(385, 'Officiis facilis eum incidunt.', 88, '2007-10-09', 58, 630, 2, 2, 'active'),
(386, 'Porro quo voluptas praesentium.', 95, '1995-01-29', 58, 234, 5, 6, 'active'),
(387, 'Rerum tempore a.', 28, '2005-07-08', 21, 87, 1, 4, 'active'),
(388, 'Nihil dolore modi et.', 49, '2023-05-12', 65, 68, 5, 5, 'active'),
(389, 'Sunt et.', 32, '2008-12-21', 7, 468, 2, 3, 'active'),
(390, 'Consequatur vitae voluptas.', 94, '2007-06-24', 90, 414, 6, 5, 'active'),
(391, 'Excepturi fugiat eius vel.', 34, '2016-08-02', 29, 865, 5, 1, 'active'),
(392, 'Expedita explicabo assumenda.', 42, '1977-01-02', 77, 636, 4, 3, 'active'),
(393, 'Dolore et repellendus mollitia minus.', 32, '1988-05-16', 49, 806, 1, 5, 'active'),
(394, 'Possimus consequatur quas reprehenderit.', 46, '2005-07-23', 50, 726, 4, 5, 'active'),
(395, 'Ut iure fugit ad.', 10, '2010-04-05', 97, 540, 6, 2, 'active'),
(396, 'Distinctio omnis consectetur.', 25, '2024-01-21', 15, 188, 2, 6, 'active'),
(397, 'Voluptatibus culpa cum fuga.', 20, '2002-07-09', 50, 389, 3, 3, 'active'),
(398, 'Nemo officia minima.', 12, '1978-07-10', 23, 782, 5, 5, 'active'),
(399, 'Aliquid delectus illum.', 3, '1973-01-12', 2, 130, 6, 2, 'active'),
(400, 'Corrupti ipsum non.', 89, '2023-03-07', 5, 796, 6, 2, 'active'),
(401, 'Ex voluptatem aut.', 1, '1985-01-01', 30, 679, 5, 6, 'active'),
(402, 'Nisi laudantium laboriosam.', 36, '2016-07-22', 12, 222, 6, 4, 'active'),
(403, 'Eos sed ipsum sint.', 65, '2000-06-20', 64, 408, 3, 3, 'active'),
(404, 'Repellendus labore non.', 18, '2001-12-09', 17, 363, 5, 6, 'active'),
(405, 'Sit officia.', 77, '2018-10-11', 77, 536, 1, 4, 'active'),
(406, 'Recusandae minus nulla error eius.', 16, '1976-09-25', 2, 393, 2, 6, 'active'),
(407, 'Asperiores quo dolorem.', 67, '1977-11-01', 58, 928, 1, 6, 'active'),
(408, 'Architecto at.', 10, '2018-12-06', 70, 222, 6, 2, 'active'),
(409, 'Dolores aperiam.', 57, '2003-03-12', 87, 463, 5, 3, 'active'),
(410, 'At quod deserunt.', 65, '2011-01-06', 65, 415, 6, 2, 'active'),
(411, 'Eius tempore odio.', 62, '1973-09-11', 1, 256, 2, 2, 'active'),
(412, 'Sed veniam quia sed.', 87, '2022-10-06', 3, 122, 5, 4, 'active'),
(413, 'Dolorem ducimus quis et voluptatem.', 98, '2003-04-23', 72, 423, 6, 5, 'active'),
(414, 'Laudantium alias quibusdam.', 5, '2020-08-27', 40, 220, 2, 2, 'active'),
(415, 'Eum optio distinctio.', 87, '1991-10-05', 43, 310, 2, 3, 'active'),
(416, 'Nulla autem qui.', 47, '1978-11-30', 13, 763, 3, 1, 'active'),
(417, 'Est et voluptas officia.', 17, '2021-12-07', 12, 641, 1, 6, 'active'),
(418, 'Eaque ut id accusamus.', 46, '1991-08-24', 7, 61, 6, 3, 'active'),
(419, 'Voluptate sed molestiae magnam.', 23, '1997-01-18', 76, 877, 5, 1, 'active'),
(420, 'Veritatis dolores quasi ipsa.', 46, '2019-07-25', 76, 282, 2, 3, 'active'),
(421, 'Et et nihil totam.', 98, '1987-07-04', 8, 443, 2, 5, 'active'),
(422, 'Inventore excepturi consequuntur dolores.', 88, '1975-10-08', 15, 201, 5, 1, 'active'),
(423, 'Rerum iste et hic.', 80, '1989-01-05', 25, 109, 4, 2, 'active'),
(424, 'Sit explicabo.', 66, '2005-03-25', 30, 713, 1, 4, 'active'),
(425, 'Vel alias aliquid qui.', 42, '1991-06-16', 78, 564, 1, 1, 'active'),
(426, 'Dolor nihil corporis maiores.', 40, '1983-11-04', 32, 287, 2, 5, 'active'),
(427, 'Eum optio illum.', 52, '2003-02-11', 85, 205, 1, 1, 'active'),
(428, 'Molestiae dolorem iste velit.', 77, '1976-11-11', 65, 358, 4, 5, 'active'),
(429, 'Quia itaque autem.', 37, '2008-03-25', 89, 645, 5, 6, 'active'),
(430, 'Soluta omnis veritatis excepturi.', 13, '2010-01-05', 17, 642, 4, 5, 'active'),
(431, 'Neque distinctio unde.', 57, '2007-02-24', 95, 11, 1, 6, 'active'),
(432, 'Incidunt ut harum.', 43, '2008-12-19', 58, 879, 6, 1, 'active'),
(433, 'Adipisci veritatis.', 99, '1981-10-06', 24, 339, 2, 1, 'active'),
(434, 'Aut excepturi vel et sunt.', 21, '1993-11-12', 67, 700, 2, 5, 'active'),
(435, 'Voluptas repellendus autem dolorem.', 87, '2024-01-17', 93, 401, 6, 5, 'active'),
(436, 'Et accusamus officiis incidunt.', 29, '2007-02-20', 17, 569, 1, 4, 'active'),
(437, 'Harum ex id.', 90, '2016-10-12', 13, 685, 6, 4, 'active'),
(438, 'Inventore minus debitis deleniti.', 43, '1994-12-01', 69, 352, 3, 6, 'active'),
(439, 'Ullam velit temporibus ut asperiores.', 89, '1973-07-18', 96, 253, 1, 5, 'active'),
(440, 'Consequatur vitae ut voluptatem.', 73, '2013-03-04', 33, 818, 2, 6, 'active'),
(441, 'Iste aperiam adipisci aut.', 90, '2008-11-18', 9, 379, 4, 4, 'active'),
(442, 'Laudantium minus eum delectus.', 11, '2011-01-30', 65, 954, 6, 3, 'active'),
(443, 'Accusamus unde hic.', 93, '1974-02-25', 66, 362, 5, 6, 'active'),
(444, 'Ut sed omnis.', 94, '1973-12-24', 60, 780, 4, 4, 'active'),
(445, 'Doloremque porro quia quis.', 6, '1992-05-18', 92, 345, 3, 4, 'active'),
(446, 'Nemo tempora nisi.', 77, '2006-11-21', 35, 741, 4, 6, 'active'),
(447, 'Et porro ex eligendi sed.', 65, '2018-08-16', 74, 716, 2, 3, 'active'),
(448, 'Qui quia expedita qui.', 75, '1972-03-26', 95, 452, 6, 3, 'active'),
(449, 'Provident quae reiciendis suscipit.', 42, '1997-05-29', 67, 987, 5, 1, 'active'),
(450, 'Fuga molestias deleniti.', 60, '1976-09-07', 8, 503, 5, 2, 'active'),
(451, 'Nihil omnis qui.', 44, '2010-08-16', 12, 889, 4, 1, 'active'),
(452, 'Beatae illo ut molestias.', 90, '1992-08-05', 17, 450, 4, 5, 'active'),
(453, 'Quidem incidunt sed earum.', 16, '1998-02-15', 42, 904, 5, 3, 'active'),
(454, 'Non nisi repellat aut.', 61, '1983-12-22', 25, 598, 6, 3, 'active'),
(455, 'Rerum tempore et.', 91, '2023-10-17', 89, 176, 4, 6, 'active'),
(456, 'Animi suscipit id rerum explicabo.', 80, '2007-08-03', 23, 844, 2, 1, 'active'),
(457, 'Laudantium id voluptatem dolor.', 29, '2022-06-16', 78, 837, 1, 3, 'active'),
(458, 'Nobis voluptates ut.', 72, '2021-07-07', 73, 400, 2, 2, 'active'),
(459, 'Atque doloribus sint.', 26, '2014-12-10', 44, 62, 3, 1, 'active'),
(460, 'Sunt ut rem qui.', 52, '1979-04-14', 52, 727, 1, 5, 'active'),
(461, 'Quae eaque quam nostrum veniam.', 88, '1989-06-19', 5, 861, 4, 3, 'active'),
(462, 'Facilis consequuntur non quas.', 10, '1978-04-22', 42, 260, 1, 3, 'active'),
(463, 'Et vitae quia ipsum.', 19, '1989-04-25', 76, 662, 5, 1, 'active'),
(464, 'Voluptas deleniti voluptatem.', 99, '2015-07-28', 33, 896, 2, 6, 'active'),
(465, 'Velit dignissimos unde.', 2, '2006-10-24', 91, 592, 6, 3, 'active'),
(466, 'Accusamus consectetur voluptatem.', 12, '2018-01-29', 96, 25, 3, 1, 'active'),
(467, 'Fugit ex.', 44, '1992-05-13', 10, 25, 6, 4, 'active'),
(468, 'Facere amet architecto.', 51, '2008-07-12', 12, 261, 4, 1, 'active'),
(469, 'Molestias quidem.', 39, '1979-06-26', 3, 174, 2, 4, 'active'),
(470, 'Qui omnis excepturi in.', 35, '2000-08-29', 75, 200, 3, 3, 'active'),
(471, 'Reprehenderit autem unde occaecati.', 73, '2017-03-05', 15, 470, 6, 5, 'active'),
(472, 'Natus soluta iure voluptatem.', 37, '2023-04-16', 88, 182, 2, 6, 'active'),
(473, 'Maiores quas vel.', 86, '2006-10-03', 54, 436, 2, 1, 'active'),
(474, 'Ut voluptate quidem quam.', 83, '2007-10-05', 91, 390, 3, 5, 'active'),
(475, 'Consequatur dolor.', 10, '1994-04-13', 42, 975, 1, 6, 'active'),
(476, 'Sint adipisci soluta eum.', 4, '1989-09-24', 78, 46, 2, 2, 'active'),
(477, 'Eum aliquid provident repellendus.', 56, '1983-08-31', 34, 284, 2, 3, 'active'),
(478, 'Ut aliquid consequatur.', 86, '1990-07-21', 91, 898, 6, 1, 'active'),
(479, 'Quasi dolores vel optio odit.', 11, '1974-04-06', 86, 61, 6, 5, 'active'),
(480, 'Ratione quos repellendus perferendis ullam.', 77, '2004-10-11', 80, 204, 6, 5, 'active'),
(481, 'Inventore dolores a natus.', 18, '1975-07-19', 52, 449, 5, 4, 'active'),
(482, 'Voluptatem ratione tenetur ut.', 66, '1988-09-05', 15, 549, 4, 2, 'active'),
(483, 'Nemo voluptas qui aperiam.', 54, '1979-11-29', 61, 242, 1, 4, 'active'),
(484, 'Dolores voluptas magnam.', 38, '1978-03-05', 8, 378, 3, 2, 'active'),
(485, 'Quo recusandae ut tenetur.', 56, '2009-02-22', 72, 908, 3, 6, 'active'),
(486, 'Est magni eum optio.', 32, '2021-04-27', 50, 961, 2, 4, 'active'),
(487, 'Voluptatum nulla qui.', 16, '1972-11-05', 68, 182, 6, 2, 'active'),
(488, 'Consequuntur voluptas.', 35, '1986-06-14', 68, 100, 2, 4, 'active'),
(489, 'Aut occaecati cumque.', 81, '2019-01-22', 48, 551, 5, 4, 'active'),
(490, 'Ullam veritatis autem sunt.', 7, '2001-11-10', 22, 437, 4, 2, 'active'),
(491, 'Dolorem eum quis.', 97, '1984-11-30', 26, 797, 5, 3, 'active'),
(492, 'Fugit aut et inventore.', 45, '1974-02-21', 6, 201, 2, 4, 'active'),
(493, 'Veritatis et voluptatem.', 11, '1990-09-17', 23, 837, 2, 5, 'active'),
(494, 'Est nesciunt et.', 32, '1993-03-08', 66, 897, 2, 3, 'active'),
(495, 'Asperiores ipsum qui.', 99, '1979-06-15', 83, 757, 2, 5, 'active'),
(496, 'A exercitationem incidunt pariatur.', 59, '2000-02-26', 63, 251, 4, 1, 'active'),
(497, 'Eos corrupti.', 61, '2004-09-18', 22, 762, 3, 1, 'active'),
(498, 'Quia blanditiis ea provident.', 48, '2014-06-20', 31, 378, 4, 3, 'active'),
(499, 'Debitis quis ipsam.', 88, '1970-04-21', 58, 838, 1, 6, 'active'),
(500, 'Accusantium reiciendis qui praesentium.', 70, '1984-03-07', 47, 66, 4, 2, 'active'),
(501, 'Et magni in.', 53, '1991-05-29', 3, 791, 4, 4, 'active'),
(502, 'Sed placeat reiciendis excepturi.', 6, '2008-10-16', 6, 497, 6, 4, 'active'),
(503, 'Eos placeat enim vero.', 71, '1994-01-11', 78, 215, 2, 3, 'active'),
(504, 'Quo ea sit ad.', 43, '2023-12-08', 61, 645, 4, 6, 'active'),
(505, 'Accusantium amet.', 96, '2009-01-04', 9, 572, 1, 5, 'active'),
(506, 'Qui dolorum aut libero recusandae.', 76, '1998-01-20', 18, 164, 1, 3, 'active'),
(507, 'Veritatis iure molestiae.', 46, '2004-08-11', 99, 216, 4, 5, 'active'),
(508, 'Quam hic inventore.', 47, '1990-09-05', 32, 770, 4, 2, 'active'),
(509, 'Doloremque natus quas.', 97, '1990-05-18', 16, 263, 4, 4, 'active'),
(510, 'Accusantium aliquam temporibus unde.', 80, '2020-03-20', 22, 850, 1, 2, 'active'),
(511, 'Quaerat quibusdam laboriosam.', 18, '2010-10-06', 70, 834, 5, 4, 'active'),
(512, 'Aut mollitia error.', 81, '1986-12-15', 51, 275, 5, 2, 'active'),
(513, 'Modi repudiandae minima.', 97, '1984-03-05', 15, 265, 1, 3, 'active'),
(514, 'Sunt voluptas officia.', 22, '2020-11-09', 82, 474, 2, 2, 'active'),
(515, 'Cumque consectetur aut omnis quia.', 44, '2003-01-27', 89, 389, 6, 6, 'active'),
(516, 'Voluptas excepturi ut molestiae.', 60, '2008-10-17', 19, 956, 1, 1, 'active'),
(517, 'Velit id cum.', 68, '1998-11-25', 42, 815, 6, 1, 'active'),
(518, 'Est exercitationem.', 2, '1998-01-28', 49, 651, 3, 3, 'active'),
(519, 'Exercitationem laudantium omnis.', 75, '1990-08-24', 25, 605, 3, 4, 'active'),
(520, 'Sit eum magni.', 13, '1974-01-23', 59, 838, 6, 1, 'active'),
(521, 'Excepturi possimus omnis id.', 16, '1976-01-11', 4, 481, 4, 3, 'active'),
(522, 'Sunt nam natus quam omnis.', 45, '2014-03-01', 16, 241, 1, 5, 'active'),
(523, 'Sit quaerat eum enim enim.', 36, '2023-07-19', 18, 343, 1, 2, 'active'),
(524, 'Illo qui quibusdam.', 71, '2004-12-29', 20, 743, 4, 3, 'active'),
(525, 'Iure dolorem.', 40, '2016-10-31', 33, 425, 5, 5, 'active'),
(526, 'Nostrum quo aliquam.', 57, '1994-03-31', 73, 573, 2, 3, 'active'),
(527, 'Fugiat ad tempore fuga.', 94, '2022-11-19', 96, 311, 5, 6, 'active'),
(528, 'Sint ullam suscipit et.', 25, '2011-05-29', 55, 719, 6, 6, 'active'),
(529, 'Esse voluptatem et.', 65, '1990-12-02', 35, 879, 6, 1, 'active'),
(530, 'Dignissimos ea voluptas qui nam.', 42, '1993-07-24', 40, 723, 4, 4, 'active'),
(531, 'Voluptatem impedit commodi.', 8, '1997-11-03', 21, 817, 6, 6, 'active'),
(532, 'Nostrum ipsam rem.', 72, '1977-04-21', 71, 978, 5, 2, 'active'),
(533, 'Quae dolores totam quaerat.', 2, '2004-04-05', 14, 845, 2, 4, 'active'),
(534, 'Consectetur non natus voluptas.', 3, '1971-12-31', 72, 961, 6, 4, 'active'),
(535, 'Sit voluptatum eaque.', 83, '2020-08-04', 29, 410, 5, 3, 'active'),
(536, 'Eum voluptatibus velit.', 40, '2004-04-10', 100, 312, 4, 5, 'active'),
(537, 'Sint et est mollitia.', 82, '2023-12-09', 39, 560, 6, 5, 'active'),
(538, 'Aut qui odit et.', 2, '2000-04-26', 89, 73, 5, 3, 'active'),
(539, 'Nihil a reprehenderit.', 16, '1980-03-03', 15, 346, 3, 2, 'active'),
(540, 'Rerum ut incidunt suscipit.', 74, '2014-08-08', 54, 910, 2, 3, 'active'),
(541, 'Saepe eos quod.', 49, '2022-11-28', 65, 761, 5, 5, 'active'),
(542, 'Corrupti aut.', 30, '2020-03-23', 83, 599, 2, 2, 'active'),
(543, 'Aliquid repellat consequatur modi.', 22, '1980-10-25', 3, 365, 2, 5, 'active'),
(544, 'Aliquid itaque et.', 54, '1975-04-03', 96, 843, 1, 3, 'active'),
(545, 'Est delectus natus rerum.', 20, '1998-12-26', 40, 95, 2, 3, 'active'),
(546, 'Ut qui explicabo.', 70, '2023-08-29', 41, 593, 6, 6, 'active'),
(547, 'Eos numquam nulla et.', 30, '1982-03-09', 93, 135, 3, 3, 'active'),
(548, 'Et veritatis at amet.', 32, '1978-12-05', 69, 461, 6, 5, 'active'),
(549, 'Nostrum incidunt et et.', 70, '1999-10-24', 41, 958, 4, 2, 'active'),
(550, 'Est impedit accusamus ut.', 97, '2013-04-25', 63, 116, 1, 6, 'active'),
(551, 'Ea et omnis.', 85, '2013-08-03', 37, 380, 5, 4, 'active'),
(552, 'Esse ea.', 35, '2010-03-24', 60, 76, 1, 4, 'active'),
(553, 'Odit mollitia sapiente quia.', 45, '2011-06-12', 5, 994, 2, 4, 'active'),
(554, 'Non nemo aut.', 95, '2019-05-07', 7, 141, 1, 5, 'active'),
(555, 'Et eius ea tempore.', 31, '2018-04-17', 23, 567, 5, 2, 'active'),
(556, 'Architecto vel iure.', 57, '2007-10-14', 17, 526, 5, 1, 'active'),
(557, 'Esse et voluptatem.', 32, '1984-04-30', 22, 71, 2, 4, 'active'),
(558, 'Nihil occaecati qui aliquid.', 64, '2023-04-01', 59, 715, 4, 2, 'active'),
(559, 'Saepe tempore magni nulla.', 25, '2021-12-01', 83, 591, 6, 6, 'active'),
(560, 'Doloremque temporibus doloremque.', 6, '1982-08-07', 26, 729, 5, 3, 'active'),
(561, 'Saepe itaque ex.', 39, '2017-12-28', 58, 834, 5, 3, 'active'),
(562, 'Delectus ipsa in odio.', 23, '2000-01-19', 33, 520, 6, 4, 'active'),
(563, 'Quis reiciendis iure voluptate.', 54, '1979-07-01', 27, 467, 4, 1, 'active'),
(564, 'Deleniti molestiae nihil.', 40, '1999-07-06', 84, 934, 2, 3, 'active'),
(565, 'Voluptas harum repellendus non.', 38, '1972-11-21', 33, 650, 6, 2, 'active'),
(566, 'Ipsa reiciendis laudantium.', 23, '1981-06-26', 66, 279, 4, 3, 'active'),
(567, 'Sunt sit ut et.', 4, '1991-11-25', 97, 211, 4, 6, 'active'),
(568, 'Inventore qui alias.', 99, '2024-01-21', 86, 676, 4, 1, 'active'),
(569, 'Est natus deserunt debitis explicabo.', 79, '1977-09-18', 88, 539, 2, 6, 'active'),
(570, 'Deserunt consequuntur iure.', 53, '1977-02-20', 66, 959, 1, 2, 'active'),
(571, 'Voluptas quos at.', 48, '1976-11-19', 41, 95, 6, 2, 'active'),
(572, 'Sint ea sunt omnis.', 3, '2001-09-26', 77, 282, 4, 6, 'active'),
(573, 'Qui provident molestias numquam.', 16, '2018-12-28', 42, 706, 2, 6, 'active'),
(574, 'Corrupti consequatur et rem.', 26, '1996-08-10', 41, 472, 1, 3, 'active'),
(575, 'Placeat nihil eos.', 46, '2000-01-30', 81, 682, 3, 6, 'active'),
(576, 'Cum quis saepe ipsam.', 79, '1999-04-03', 20, 279, 3, 4, 'active'),
(577, 'Incidunt illo autem dolorem.', 66, '2023-10-29', 48, 42, 3, 5, 'active'),
(578, 'Et magnam praesentium illo asperiores.', 39, '2011-09-25', 63, 453, 6, 1, 'active'),
(579, 'Autem sit itaque animi.', 3, '1995-08-28', 12, 953, 5, 3, 'active'),
(580, 'Placeat ut sit beatae qui.', 43, '1999-01-24', 25, 787, 3, 1, 'active'),
(581, 'Est nihil aut.', 5, '2010-03-24', 62, 264, 4, 2, 'active'),
(582, 'Ipsum et.', 89, '1982-12-08', 50, 925, 6, 6, 'active'),
(583, 'Illum dolorem consectetur voluptas.', 86, '2007-05-23', 35, 887, 6, 6, 'active'),
(584, 'Est nobis quos.', 78, '1978-10-21', 41, 886, 4, 3, 'active'),
(585, 'Enim molestiae qui.', 68, '2016-02-29', 17, 501, 3, 5, 'active'),
(586, 'Hic officiis fugit.', 7, '1983-02-03', 61, 797, 1, 6, 'active'),
(587, 'Dolorum totam nulla voluptatem.', 96, '1991-04-01', 10, 972, 6, 4, 'active'),
(588, 'Accusantium quis dolor asperiores.', 4, '2008-02-09', 25, 364, 2, 3, 'active'),
(589, 'Doloremque et unde.', 91, '1997-06-18', 74, 90, 6, 1, 'active'),
(590, 'Ipsum odio consequatur.', 88, '2023-08-29', 81, 292, 5, 4, 'active'),
(591, 'Voluptatem voluptatem nemo.', 7, '2010-04-30', 90, 155, 3, 3, 'active'),
(592, 'Dignissimos quia eveniet officiis.', 81, '2019-02-11', 72, 97, 4, 6, 'active'),
(593, 'Sequi ut mollitia.', 99, '1975-11-11', 91, 590, 3, 4, 'active'),
(594, 'Ducimus dolorum aliquam et.', 9, '1987-12-07', 53, 904, 3, 2, 'active'),
(595, 'Cumque ipsam nemo officia.', 83, '1971-04-16', 94, 231, 5, 2, 'active'),
(596, 'Ab labore fuga.', 38, '1974-01-02', 62, 161, 6, 1, 'active'),
(597, 'Facilis ut cum sit.', 18, '1981-01-13', 66, 19, 4, 2, 'active'),
(598, 'Qui expedita omnis.', 70, '2023-01-11', 27, 798, 4, 3, 'active'),
(599, 'Vel velit voluptatem vel.', 22, '1986-11-12', 20, 864, 3, 4, 'active'),
(600, 'Aut iusto sed.', 30, '2020-11-22', 64, 803, 6, 1, 'active'),
(601, 'Itaque in deserunt.', 86, '1994-08-29', 24, 695, 2, 4, 'active'),
(602, 'Voluptatem ut alias quis.', 54, '2001-02-03', 65, 341, 3, 6, 'active'),
(603, 'Facere accusamus repudiandae eum.', 33, '1986-10-02', 37, 31, 2, 5, 'active'),
(604, 'Consectetur enim velit.', 32, '1970-04-06', 47, 286, 2, 6, 'active'),
(605, 'Voluptas voluptatibus voluptatem dolorem.', 30, '1979-01-03', 36, 561, 3, 2, 'active'),
(606, 'Doloribus sunt blanditiis et.', 11, '1976-06-22', 10, 40, 4, 1, 'active'),
(607, 'Non aut numquam.', 38, '1992-07-03', 2, 933, 2, 3, 'active'),
(608, 'Et numquam aliquid nobis.', 63, '1970-10-05', 48, 975, 3, 5, 'active'),
(609, 'Qui est iusto.', 80, '1977-10-04', 8, 777, 1, 6, 'active'),
(610, 'Omnis doloremque et assumenda.', 35, '1995-02-10', 56, 12, 6, 1, 'active'),
(611, 'Officia ea consequuntur.', 4, '1980-04-14', 78, 672, 6, 1, 'active'),
(612, 'Molestiae eaque voluptas eius.', 93, '1972-11-25', 66, 627, 4, 1, 'active'),
(613, 'Vel autem corrupti.', 6, '2005-09-26', 18, 611, 2, 1, 'active'),
(614, 'Libero adipisci quo.', 98, '1998-09-06', 45, 518, 3, 6, 'active'),
(615, 'Quaerat sint in.', 70, '1972-09-15', 25, 576, 2, 3, 'active'),
(616, 'Nobis qui sed cumque.', 28, '2010-12-28', 49, 106, 6, 6, 'active'),
(617, 'Qui magnam quos perspiciatis.', 10, '1970-05-20', 62, 903, 6, 6, 'active'),
(618, 'Omnis consequatur quibusdam.', 89, '1970-12-01', 27, 191, 2, 3, 'active'),
(619, 'Magni hic ab.', 71, '2023-07-10', 11, 229, 6, 5, 'active'),
(620, 'Qui et autem quos.', 70, '2007-07-24', 47, 784, 1, 4, 'active'),
(621, 'Voluptas commodi.', 36, '1992-11-08', 57, 364, 5, 3, 'active'),
(622, 'Tenetur explicabo optio.', 75, '2006-02-09', 98, 857, 2, 1, 'active'),
(623, 'Omnis distinctio.', 57, '1997-08-23', 37, 970, 5, 3, 'active'),
(624, 'Voluptatum ut quis corporis.', 95, '2013-01-11', 83, 432, 2, 1, 'active'),
(625, 'Aspernatur autem facere laboriosam.', 42, '2005-09-10', 85, 220, 3, 1, 'active'),
(626, 'Soluta quis ipsum et.', 49, '1986-11-09', 29, 914, 1, 5, 'active'),
(627, 'Soluta repudiandae et.', 12, '2022-04-22', 100, 764, 5, 3, 'active'),
(628, 'Deleniti sit cumque aperiam.', 31, '1997-12-01', 100, 299, 6, 3, 'active'),
(629, 'Sint magni facilis.', 29, '2023-09-02', 33, 349, 5, 2, 'active'),
(630, 'Et amet nemo.', 75, '1985-09-01', 65, 405, 6, 2, 'active'),
(631, 'Eos sed necessitatibus maiores.', 68, '2014-07-12', 42, 325, 5, 1, 'active'),
(632, 'Voluptatibus similique ab eaque.', 79, '1979-09-19', 47, 224, 3, 2, 'active'),
(633, 'Est et excepturi et.', 57, '1991-02-25', 51, 919, 5, 1, 'active'),
(634, 'Dolorem natus corrupti.', 3, '2012-09-14', 58, 191, 4, 4, 'active'),
(635, 'Nesciunt quae porro quod.', 3, '1985-11-05', 22, 84, 5, 5, 'active'),
(636, 'Aperiam accusantium rem labore.', 65, '1989-02-26', 86, 803, 1, 1, 'active'),
(637, 'Quia aut.', 72, '1980-10-16', 94, 499, 2, 5, 'active'),
(638, 'Sapiente eveniet quidem corrupti.', 10, '1990-03-22', 41, 700, 6, 6, 'active'),
(639, 'Quis ad est.', 95, '1991-05-07', 64, 484, 3, 2, 'active'),
(640, 'Natus excepturi dolor.', 8, '2000-05-06', 27, 87, 6, 2, 'active'),
(641, 'Illo modi sint quisquam.', 59, '1997-12-30', 43, 846, 4, 3, 'active'),
(642, 'In eaque eos.', 77, '1995-09-07', 11, 821, 2, 1, 'active'),
(643, 'Magni occaecati dignissimos expedita.', 36, '1988-11-28', 1, 97, 6, 3, 'active'),
(644, 'Dolorem et nam.', 90, '1998-06-09', 45, 436, 5, 4, 'active'),
(645, 'A voluptatum neque.', 30, '2017-10-20', 38, 622, 6, 3, 'active'),
(646, 'Maiores dolores id tenetur id.', 6, '1970-11-27', 23, 567, 1, 5, 'active'),
(647, 'Voluptatibus eos facere dolore.', 97, '1986-07-21', 5, 657, 2, 3, 'active'),
(648, 'Modi in pariatur.', 65, '1976-05-31', 12, 38, 2, 1, 'active'),
(649, 'Illum consequatur adipisci.', 64, '1984-09-13', 93, 462, 3, 3, 'active'),
(650, 'Voluptatum asperiores nam.', 31, '1972-11-05', 21, 480, 6, 2, 'active'),
(651, 'Et repellat voluptatem enim.', 56, '1984-02-07', 2, 118, 2, 2, 'active'),
(652, 'Quidem quaerat corrupti enim.', 97, '2002-06-03', 4, 352, 5, 3, 'active'),
(653, 'Rerum optio non qui voluptas.', 5, '2007-11-13', 100, 27, 3, 3, 'active'),
(654, 'Qui et modi aut voluptas.', 92, '2000-11-27', 1, 389, 2, 6, 'active'),
(655, 'Incidunt temporibus fugiat aut.', 95, '2006-05-13', 66, 338, 3, 2, 'active'),
(656, 'Sint debitis fuga in.', 100, '1975-04-22', 85, 213, 5, 6, 'active'),
(657, 'Et quia et aut.', 67, '1972-12-26', 95, 407, 4, 2, 'active'),
(658, 'Ut non maxime expedita.', 23, '1972-07-16', 57, 726, 1, 6, 'active'),
(659, 'Veniam nam cumque dolorem.', 88, '1982-09-07', 86, 198, 5, 4, 'active'),
(660, 'Minima optio.', 73, '2016-11-27', 45, 831, 5, 6, 'active');
INSERT INTO `produit` (`idProd`, `nomProd`, `numLot`, `datePerem`, `qteDispo`, `prixU`, `idFournis`, `idCategorie`, `etat`) VALUES
(661, 'Fugiat eos rerum doloribus.', 89, '1984-12-14', 89, 958, 1, 4, 'active'),
(662, 'Quasi et.', 18, '1979-07-09', 54, 46, 5, 1, 'active'),
(663, 'Nemo illo ut adipisci.', 50, '1983-11-28', 51, 121, 1, 1, 'active'),
(664, 'Voluptas sunt.', 67, '1997-04-28', 17, 746, 6, 2, 'active'),
(665, 'Inventore dolores officia.', 85, '2023-09-13', 43, 449, 6, 4, 'active'),
(666, 'Vitae reprehenderit reiciendis.', 11, '2020-05-01', 54, 997, 4, 2, 'active'),
(667, 'Dolor tenetur maxime.', 100, '1984-02-24', 95, 606, 5, 6, 'active'),
(668, 'Qui consequatur quia.', 44, '1987-04-08', 6, 103, 1, 4, 'active'),
(669, 'Pariatur quos et.', 1, '2014-12-29', 76, 199, 6, 4, 'active'),
(670, 'Ex nulla voluptatem.', 31, '1991-11-07', 1, 518, 2, 6, 'active'),
(671, 'Occaecati non architecto.', 43, '2012-07-14', 33, 992, 6, 5, 'active'),
(672, 'Dolorum vero debitis.', 44, '1988-04-22', 20, 165, 1, 1, 'active'),
(673, 'Rerum qui aliquam.', 64, '2004-04-06', 34, 364, 2, 2, 'active'),
(674, 'Et voluptatum.', 68, '1981-05-02', 51, 535, 2, 2, 'active'),
(675, 'Tenetur ea placeat et.', 24, '1972-03-22', 33, 773, 2, 1, 'active'),
(676, 'Eos eum aut delectus.', 72, '2012-03-21', 44, 192, 6, 3, 'active'),
(677, 'Quia eos nesciunt ut.', 15, '1987-12-23', 3, 174, 5, 5, 'active'),
(678, 'Quis maxime aut.', 40, '1973-03-11', 17, 336, 1, 4, 'active'),
(679, 'Possimus est consequuntur dolor.', 72, '1987-07-12', 47, 699, 3, 6, 'active'),
(680, 'Doloribus qui itaque.', 51, '2000-11-01', 11, 586, 4, 1, 'active'),
(681, 'Dolorem atque cupiditate et.', 82, '2001-01-29', 21, 160, 1, 3, 'active'),
(682, 'Sint sed tempore.', 40, '1996-01-25', 87, 130, 1, 5, 'active'),
(683, 'Sequi velit quibusdam.', 75, '1996-11-05', 97, 799, 6, 3, 'active'),
(684, 'Quia exercitationem hic.', 52, '1998-10-08', 9, 128, 6, 1, 'active'),
(685, 'Quisquam temporibus laboriosam.', 50, '2010-06-25', 32, 662, 3, 5, 'active'),
(686, 'Non praesentium architecto.', 74, '2022-11-20', 99, 897, 5, 1, 'active'),
(687, 'Repudiandae nemo corrupti sunt.', 68, '1977-01-18', 22, 508, 4, 4, 'active'),
(688, 'Odit eveniet tenetur et.', 77, '2012-02-03', 54, 332, 1, 3, 'active'),
(689, 'Perspiciatis blanditiis illum consequatur.', 59, '1994-09-14', 62, 989, 4, 2, 'active'),
(690, 'Pariatur excepturi doloremque.', 23, '1973-10-15', 23, 777, 1, 3, 'active'),
(691, 'In quibusdam aut qui.', 60, '2006-01-08', 22, 893, 1, 5, 'active'),
(692, 'Porro porro velit.', 79, '1985-02-24', 72, 285, 6, 1, 'active'),
(693, 'Pariatur ea dolor ipsam.', 35, '2023-11-17', 92, 573, 3, 5, 'active'),
(694, 'Hic corporis eos voluptatibus.', 64, '1974-04-14', 37, 643, 4, 4, 'active'),
(695, 'Asperiores officia ratione.', 72, '1973-11-10', 23, 459, 4, 3, 'active'),
(696, 'Illum velit dignissimos doloremque.', 39, '1993-12-30', 13, 591, 4, 6, 'active'),
(697, 'Quos doloribus ab.', 93, '1971-10-20', 15, 617, 6, 4, 'active'),
(698, 'Accusamus rerum perferendis.', 36, '2006-03-14', 94, 455, 4, 5, 'active'),
(699, 'Qui atque provident.', 48, '1981-03-18', 27, 872, 5, 3, 'active'),
(700, 'Quibusdam aut.', 24, '2002-10-04', 83, 395, 4, 4, 'active'),
(701, 'Sint ut qui.', 43, '2016-03-14', 100, 697, 6, 4, 'active'),
(702, 'Debitis deleniti et ullam.', 74, '1971-12-20', 66, 257, 5, 5, 'active'),
(703, 'Aut voluptates maxime.', 35, '1972-12-16', 5, 236, 4, 6, 'active'),
(704, 'Quam totam qui.', 40, '1980-04-08', 61, 170, 2, 4, 'active'),
(705, 'Dolores reiciendis velit.', 54, '1980-09-03', 27, 921, 5, 6, 'active'),
(706, 'Consequatur veniam debitis.', 42, '1973-03-25', 87, 952, 4, 3, 'active'),
(707, 'Ea reiciendis in.', 67, '1973-11-21', 72, 172, 6, 4, 'active'),
(708, 'Deserunt non non.', 46, '2005-01-25', 80, 131, 5, 2, 'active'),
(709, 'Consectetur dolore et.', 98, '2005-12-12', 5, 794, 1, 3, 'active'),
(710, 'Quo eos enim.', 23, '2015-06-07', 98, 786, 1, 1, 'active'),
(711, 'Dolorum nostrum.', 37, '1993-01-05', 47, 834, 5, 1, 'active'),
(712, 'Dolor ut qui.', 66, '1989-06-29', 32, 221, 4, 3, 'active'),
(713, 'Quidem consequatur.', 59, '1999-03-03', 63, 272, 5, 6, 'active'),
(714, 'Qui quia vel.', 93, '2008-01-24', 74, 321, 2, 1, 'active'),
(715, 'Consequuntur corrupti.', 80, '1988-12-02', 83, 655, 5, 1, 'active'),
(716, 'Est placeat dolor.', 91, '1990-06-14', 72, 337, 6, 5, 'active'),
(717, 'Illo ratione eveniet et.', 87, '2019-01-24', 76, 475, 2, 5, 'active'),
(718, 'Laudantium error eius.', 50, '1981-08-28', 30, 489, 3, 4, 'active'),
(719, 'Et recusandae necessitatibus.', 82, '1978-10-02', 71, 236, 1, 4, 'active'),
(720, 'Facilis eos cum beatae.', 27, '1979-07-25', 43, 950, 5, 6, 'active'),
(721, 'Ab nobis in quibusdam.', 13, '2004-08-21', 10, 889, 3, 3, 'active'),
(722, 'Nobis temporibus expedita.', 8, '2003-01-13', 57, 675, 2, 4, 'active'),
(723, 'Earum numquam ipsam tenetur.', 83, '2000-01-28', 70, 825, 6, 5, 'active'),
(724, 'Vitae provident itaque qui fuga.', 73, '1970-12-24', 92, 390, 5, 2, 'active'),
(725, 'Fuga voluptates qui amet odit.', 55, '2003-04-28', 32, 465, 6, 3, 'active'),
(726, 'Aut ut tempore.', 69, '2006-05-22', 42, 255, 4, 5, 'active'),
(727, 'Nulla distinctio.', 14, '1973-02-27', 39, 331, 5, 2, 'active'),
(728, 'Saepe saepe quas magnam.', 41, '1997-01-06', 35, 453, 6, 4, 'active'),
(729, 'Dolorem praesentium rerum.', 95, '1978-03-21', 98, 386, 6, 6, 'active'),
(730, 'Dolor vitae iste.', 7, '2023-06-17', 18, 789, 5, 6, 'active'),
(731, 'Voluptas fugiat.', 27, '1993-10-22', 88, 568, 5, 4, 'active'),
(732, 'Tempora enim sint architecto et.', 62, '1990-10-29', 97, 214, 6, 5, 'active'),
(733, 'Provident et fugiat.', 67, '1998-01-13', 91, 325, 2, 5, 'active'),
(734, 'Tenetur tempora eos ut.', 25, '1991-06-12', 17, 185, 5, 5, 'active'),
(735, 'Voluptas enim ut a.', 36, '2016-11-17', 42, 659, 3, 2, 'active'),
(736, 'Voluptatem suscipit.', 2, '2001-09-27', 77, 338, 5, 2, 'active'),
(737, 'Magnam neque quam quia.', 42, '2018-07-13', 9, 244, 1, 6, 'active'),
(738, 'Pariatur ut aut.', 69, '1971-04-19', 31, 508, 6, 6, 'active'),
(739, 'Deleniti tenetur ut.', 5, '1971-07-03', 8, 389, 6, 2, 'active'),
(740, 'Aliquid iste dolores asperiores.', 35, '1973-06-07', 41, 886, 5, 4, 'active'),
(741, 'Dolor quo perferendis.', 34, '2013-05-25', 4, 775, 3, 5, 'active'),
(742, 'Similique illo.', 42, '2002-03-15', 72, 276, 5, 1, 'active'),
(743, 'Et reiciendis rerum quod.', 63, '2015-08-13', 59, 559, 1, 6, 'active'),
(744, 'Eos corrupti et.', 94, '2006-07-15', 86, 232, 5, 3, 'active'),
(745, 'Hic dolores eos.', 20, '2012-02-08', 8, 341, 1, 3, 'active'),
(746, 'At corrupti sequi sequi maiores.', 19, '2022-07-28', 16, 585, 2, 1, 'active'),
(747, 'Modi eos sint earum.', 65, '2015-11-09', 22, 205, 3, 4, 'active'),
(748, 'Et autem aliquid.', 74, '1995-04-23', 24, 763, 1, 5, 'active'),
(749, 'Non cum.', 57, '2009-08-25', 94, 272, 2, 3, 'active'),
(750, 'Non natus laborum id.', 52, '2013-01-13', 69, 267, 2, 4, 'active'),
(751, 'Dolorem voluptatum est voluptas est.', 3, '2003-05-11', 24, 581, 2, 5, 'active'),
(752, 'Autem corrupti ab.', 23, '1989-07-26', 89, 262, 2, 6, 'active'),
(753, 'Qui qui velit numquam.', 39, '2006-07-22', 63, 106, 1, 2, 'active'),
(754, 'Cupiditate impedit ad libero.', 80, '2006-08-08', 3, 982, 5, 3, 'active'),
(755, 'Omnis nemo.', 27, '1985-04-09', 79, 953, 3, 2, 'active'),
(756, 'Est omnis nam.', 10, '2003-10-07', 24, 753, 3, 6, 'active'),
(757, 'Non ut aut odit.', 15, '1976-08-29', 27, 775, 4, 3, 'active'),
(758, 'Optio ipsum.', 68, '2020-01-18', 80, 858, 3, 4, 'active'),
(759, 'Aut odit consequatur.', 22, '1989-12-17', 69, 885, 1, 4, 'active'),
(760, 'Aut qui.', 90, '2006-09-21', 21, 357, 2, 3, 'active'),
(761, 'Quis vitae dolor.', 46, '2013-02-06', 18, 20, 4, 4, 'active'),
(762, 'Dolores cum atque doloribus.', 85, '2012-12-05', 15, 576, 1, 6, 'active'),
(763, 'Temporibus adipisci ut totam.', 12, '2010-09-12', 36, 347, 6, 2, 'active'),
(764, 'Maiores quia fuga sint.', 76, '2012-12-28', 18, 793, 6, 3, 'active'),
(765, 'Consequatur occaecati numquam facilis.', 97, '1988-02-23', 90, 71, 6, 2, 'active'),
(766, 'Dolorem ut omnis.', 79, '1998-05-14', 9, 700, 6, 2, 'active'),
(767, 'Possimus vel aspernatur.', 46, '2003-01-14', 24, 822, 5, 5, 'active'),
(768, 'Ullam adipisci et omnis.', 5, '1973-10-10', 97, 162, 4, 3, 'active'),
(769, 'Non perferendis.', 11, '1970-01-04', 31, 776, 5, 4, 'active'),
(770, 'Officia modi quisquam laudantium.', 87, '2009-07-12', 64, 158, 1, 3, 'active'),
(771, 'Porro molestiae iusto nobis.', 76, '2016-01-01', 88, 873, 2, 3, 'active'),
(772, 'Tenetur sed perspiciatis.', 28, '2011-06-28', 25, 444, 4, 4, 'active'),
(773, 'Neque ipsum enim fugiat.', 43, '1983-10-28', 14, 498, 2, 4, 'active'),
(774, 'Occaecati aperiam quibusdam.', 20, '1992-04-22', 88, 78, 2, 3, 'active'),
(775, 'Vel voluptatem dignissimos.', 33, '2009-06-19', 64, 230, 6, 4, 'active'),
(776, 'Hic ratione ea omnis.', 58, '2022-04-05', 90, 778, 3, 5, 'active'),
(777, 'Sapiente minus sit.', 25, '1976-02-24', 20, 686, 5, 4, 'active'),
(778, 'Omnis reprehenderit velit debitis.', 48, '2017-06-05', 37, 440, 3, 5, 'active'),
(779, 'Id hic tempore alias.', 18, '1998-04-02', 71, 330, 5, 3, 'active'),
(780, 'Ut culpa consequatur.', 18, '1990-03-05', 82, 257, 3, 2, 'active'),
(781, 'Dolorem hic eius.', 53, '1987-03-06', 54, 78, 3, 2, 'active'),
(782, 'Quidem et eaque ut.', 11, '2011-10-28', 87, 294, 2, 5, 'active'),
(783, 'Tempora labore ut beatae.', 48, '1976-07-31', 5, 462, 3, 1, 'active'),
(784, 'Dolorem velit incidunt.', 43, '1997-02-17', 3, 440, 6, 5, 'active'),
(785, 'Hic sed doloribus eaque ullam.', 51, '1981-02-21', 100, 280, 5, 2, 'active'),
(786, 'Voluptas possimus deserunt sed.', 96, '1982-01-14', 42, 803, 4, 3, 'active'),
(787, 'Deserunt repellendus magnam minima.', 55, '1977-10-17', 72, 245, 3, 4, 'active'),
(788, 'Voluptatem iusto ducimus fugiat.', 13, '1986-07-18', 14, 932, 6, 1, 'active'),
(789, 'Similique sint consequatur impedit.', 72, '2018-01-22', 17, 179, 3, 1, 'active'),
(790, 'Ipsa qui dolores.', 56, '2004-12-27', 76, 142, 2, 4, 'active'),
(791, 'Quod quae est.', 55, '1990-02-06', 25, 52, 2, 6, 'active'),
(792, 'Aut quia dolore.', 52, '1971-08-29', 96, 804, 1, 1, 'active'),
(793, 'Adipisci occaecati nihil esse.', 34, '1981-03-04', 100, 130, 5, 5, 'active'),
(794, 'Doloremque voluptas quia.', 33, '1984-08-28', 47, 939, 1, 3, 'active'),
(795, 'Facere quibusdam modi praesentium quas.', 91, '1990-06-09', 52, 708, 5, 2, 'active'),
(796, 'Cupiditate facere quaerat.', 86, '1987-12-12', 31, 796, 1, 6, 'active'),
(797, 'Nulla et hic at architecto.', 94, '2007-11-22', 38, 412, 4, 5, 'active'),
(798, 'Labore ipsam cum.', 77, '1973-02-06', 81, 879, 4, 1, 'active'),
(799, 'Quia eligendi voluptas sunt.', 42, '2015-08-22', 51, 270, 5, 5, 'active'),
(800, 'Itaque qui ipsum.', 17, '2013-06-26', 95, 728, 3, 4, 'active'),
(801, 'Atque sint et quia.', 79, '2022-04-09', 45, 376, 5, 4, 'active'),
(802, 'Ullam dolorum quia culpa.', 79, '1996-08-10', 83, 14, 4, 4, 'active'),
(803, 'Et quis dolor.', 98, '1978-06-09', 58, 994, 4, 5, 'active'),
(804, 'Nihil minima aperiam rerum.', 83, '2013-09-14', 70, 889, 2, 4, 'active'),
(805, 'Veniam et dolore.', 82, '2020-05-24', 35, 706, 2, 6, 'active'),
(806, 'Explicabo molestias eos ratione.', 54, '2012-11-28', 38, 759, 1, 5, 'active'),
(807, 'Perferendis saepe ea quia.', 90, '1992-02-02', 55, 342, 1, 3, 'active'),
(808, 'Enim unde dolorum.', 59, '1991-08-11', 86, 328, 5, 5, 'active'),
(809, 'Nobis saepe pariatur.', 16, '1988-12-12', 2, 314, 2, 3, 'active'),
(810, 'Perspiciatis eaque nemo est.', 83, '1983-06-29', 7, 337, 5, 6, 'active'),
(811, 'Beatae commodi nihil.', 95, '2016-10-25', 94, 113, 2, 5, 'active'),
(812, 'Molestiae rem.', 33, '2000-05-20', 13, 469, 2, 4, 'active'),
(813, 'Officiis eaque qui cumque.', 84, '1978-11-25', 85, 781, 3, 5, 'active'),
(814, 'Quia modi cupiditate sunt.', 63, '2007-06-28', 49, 719, 1, 4, 'active'),
(815, 'Non possimus autem.', 31, '2009-12-19', 87, 125, 1, 2, 'active'),
(816, 'Cumque placeat aut nemo odit.', 94, '2017-10-27', 98, 66, 3, 2, 'active'),
(817, 'Ut modi quos.', 4, '2022-04-07', 71, 149, 4, 5, 'active'),
(818, 'Voluptatibus nesciunt recusandae.', 46, '1988-08-10', 13, 690, 2, 6, 'active'),
(819, 'Adipisci soluta.', 48, '1970-08-10', 20, 948, 6, 2, 'active'),
(820, 'Nemo modi officiis.', 40, '1974-03-12', 60, 725, 2, 6, 'active'),
(821, 'Animi facere commodi quaerat.', 91, '2013-11-12', 8, 755, 3, 4, 'active'),
(822, 'Expedita rerum inventore.', 4, '1989-06-15', 51, 217, 6, 3, 'active'),
(823, 'Neque sequi et.', 43, '2005-02-11', 56, 745, 5, 4, 'active'),
(824, 'Vitae architecto.', 78, '1980-03-13', 53, 590, 2, 4, 'active'),
(825, 'Dicta explicabo eos quae.', 99, '2010-01-12', 92, 851, 4, 4, 'active'),
(826, 'Et dolorem rem et.', 40, '1988-10-03', 48, 642, 4, 1, 'active'),
(827, 'Natus ad.', 30, '2002-01-14', 77, 224, 3, 5, 'active'),
(828, 'Omnis quidem qui.', 17, '1990-08-06', 32, 744, 4, 6, 'active'),
(829, 'Ad vero.', 80, '1998-09-08', 38, 686, 5, 1, 'active'),
(830, 'Veritatis odit ea hic.', 94, '1974-04-05', 10, 198, 1, 6, 'active'),
(831, 'Incidunt veritatis eos.', 10, '2002-12-16', 50, 830, 6, 3, 'active'),
(832, 'Quia dolorem.', 100, '1989-05-23', 8, 684, 6, 6, 'active'),
(833, 'Consectetur voluptas sit.', 49, '1982-08-03', 58, 865, 4, 6, 'active'),
(834, 'Ut repellendus praesentium.', 79, '1976-09-04', 69, 482, 6, 6, 'active'),
(835, 'Rem sed iusto molestiae.', 21, '1992-05-30', 15, 845, 3, 4, 'active'),
(836, 'Consequatur voluptatibus sapiente.', 9, '1979-03-28', 25, 327, 2, 1, 'active'),
(837, 'Repudiandae vero.', 99, '2008-04-25', 43, 995, 5, 4, 'active'),
(838, 'Quia non suscipit.', 38, '1992-10-13', 58, 286, 5, 2, 'active'),
(839, 'Occaecati voluptas et itaque.', 5, '1974-02-11', 70, 474, 5, 5, 'active'),
(840, 'Libero consequatur et saepe.', 42, '1977-01-24', 48, 888, 3, 2, 'active'),
(841, 'Aperiam iure dolorem.', 66, '1992-04-07', 46, 750, 5, 5, 'active'),
(842, 'Illum occaecati.', 14, '1990-08-23', 34, 916, 5, 3, 'active'),
(843, 'Sit sunt.', 36, '2020-09-11', 2, 329, 2, 1, 'active'),
(844, 'Qui ratione quos consequuntur.', 88, '1974-10-10', 68, 18, 5, 5, 'active'),
(845, 'Et nam quidem.', 82, '1984-04-20', 100, 734, 2, 3, 'active'),
(846, 'Alias necessitatibus dolorum.', 15, '1983-12-01', 88, 666, 1, 6, 'active'),
(847, 'Eum deserunt explicabo aut.', 83, '2002-11-30', 85, 423, 1, 6, 'active'),
(848, 'Aliquid ut molestiae.', 100, '2020-05-01', 72, 731, 3, 2, 'active'),
(849, 'Illo error omnis.', 32, '2022-08-18', 86, 126, 5, 3, 'active'),
(850, 'Quae sequi dolor in.', 34, '1986-10-21', 63, 153, 5, 1, 'active'),
(851, 'Molestiae modi.', 11, '1984-06-27', 72, 145, 2, 6, 'active'),
(852, 'Voluptatem minus veritatis.', 26, '2003-03-17', 64, 147, 4, 5, 'active'),
(853, 'Ratione voluptatem corporis accusamus.', 81, '2008-01-23', 94, 474, 6, 3, 'active'),
(854, 'In quaerat aut neque.', 73, '1972-10-11', 78, 754, 4, 6, 'active'),
(855, 'Nostrum consequatur minima.', 11, '1970-06-20', 8, 323, 2, 3, 'active'),
(856, 'Recusandae dicta voluptatem.', 40, '1989-09-13', 21, 489, 5, 2, 'active'),
(857, 'Modi dolorum qui quae.', 5, '1989-12-15', 59, 619, 2, 5, 'active'),
(858, 'Porro ut doloremque vel amet.', 37, '2021-11-11', 4, 233, 5, 6, 'active'),
(859, 'Ducimus qui necessitatibus beatae.', 47, '1982-03-06', 5, 394, 3, 3, 'active'),
(860, 'Deserunt odio incidunt.', 31, '1999-05-23', 35, 76, 2, 2, 'active'),
(861, 'Alias molestiae eos.', 5, '1990-08-05', 55, 267, 5, 6, 'active'),
(862, 'Aut asperiores.', 10, '2021-03-23', 10, 990, 6, 4, 'active'),
(863, 'Non ullam odio.', 50, '1971-02-01', 34, 445, 2, 5, 'active'),
(864, 'Corporis hic dolores.', 48, '2000-06-17', 70, 107, 6, 2, 'active'),
(865, 'Molestiae vel quisquam voluptatem.', 5, '1985-01-31', 50, 927, 5, 1, 'active'),
(866, 'Eaque sunt placeat.', 85, '2023-09-14', 37, 782, 1, 3, 'active'),
(867, 'Laborum veniam rerum.', 10, '2011-12-22', 42, 668, 5, 6, 'active'),
(868, 'Quisquam aut nam.', 37, '2012-12-02', 79, 270, 1, 5, 'active'),
(869, 'Dolorem occaecati reprehenderit.', 43, '2020-01-21', 86, 723, 5, 4, 'active'),
(870, 'Voluptate quia nostrum est.', 25, '2010-04-05', 69, 890, 6, 4, 'active'),
(871, 'Odit id veniam.', 75, '2000-12-19', 21, 700, 4, 5, 'active'),
(872, 'Quos eligendi voluptas.', 40, '2018-05-22', 54, 461, 6, 6, 'active'),
(873, 'Dolore vitae id rerum maiores.', 71, '1983-04-20', 63, 326, 2, 1, 'active'),
(874, 'Est sit commodi nam.', 1, '2004-06-22', 6, 733, 3, 1, 'active'),
(875, 'Et in itaque.', 16, '1989-10-20', 93, 16, 2, 4, 'active'),
(876, 'Qui occaecati.', 56, '1994-06-24', 23, 44, 6, 6, 'active'),
(877, 'Blanditiis sed.', 68, '2007-02-28', 13, 588, 2, 6, 'active'),
(878, 'Beatae modi qui.', 28, '1997-12-21', 32, 217, 6, 1, 'active'),
(879, 'Aut dicta id.', 60, '2004-04-10', 88, 998, 4, 1, 'active'),
(880, 'Velit voluptatibus enim quidem voluptas.', 47, '2023-01-16', 17, 311, 3, 5, 'active'),
(881, 'Fugit id quaerat.', 40, '2019-08-22', 99, 370, 1, 4, 'active'),
(882, 'Voluptas eos voluptas.', 88, '2015-04-07', 2, 931, 4, 3, 'active'),
(883, 'Recusandae odio dicta praesentium.', 98, '1982-11-06', 60, 822, 5, 5, 'active'),
(884, 'Cupiditate perspiciatis illum.', 5, '2007-10-16', 5, 889, 3, 6, 'active'),
(885, 'Id optio quo.', 22, '2020-02-23', 20, 927, 3, 1, 'active'),
(886, 'Quo est omnis.', 82, '2011-12-22', 1, 321, 5, 5, 'active'),
(887, 'Dicta quia sit magnam.', 56, '1999-04-15', 71, 958, 2, 2, 'active'),
(888, 'Quis qui rerum cumque.', 39, '2011-10-27', 77, 405, 2, 5, 'active'),
(889, 'Omnis nulla ut iure.', 29, '1985-05-05', 91, 486, 1, 3, 'active'),
(890, 'Sed nemo maiores.', 83, '2010-02-07', 73, 479, 4, 5, 'active'),
(891, 'Odit est totam saepe.', 99, '1985-12-15', 84, 766, 4, 4, 'active'),
(892, 'Itaque id unde saepe.', 9, '2009-07-26', 53, 34, 6, 6, 'active'),
(893, 'Nobis laudantium natus laboriosam.', 87, '1997-04-16', 70, 815, 4, 6, 'active'),
(894, 'Culpa dolor nobis.', 24, '1991-05-21', 25, 835, 6, 3, 'active'),
(895, 'Aspernatur reprehenderit fugit.', 25, '1996-01-10', 7, 322, 2, 3, 'active'),
(896, 'Non beatae dolorum molestiae.', 61, '1988-10-08', 19, 652, 6, 2, 'active'),
(897, 'Ut pariatur in.', 77, '2013-01-17', 99, 68, 1, 1, 'active'),
(898, 'Sit expedita vero voluptate.', 36, '1970-11-20', 70, 714, 6, 1, 'active'),
(899, 'Quia cupiditate nisi.', 43, '1994-12-05', 11, 72, 1, 2, 'active'),
(900, 'Quia odit consequatur vero.', 19, '1973-09-13', 91, 634, 1, 5, 'active'),
(901, 'Ullam et eum voluptatem.', 6, '1983-02-03', 20, 811, 4, 5, 'active'),
(902, 'Beatae consectetur molestiae.', 81, '2007-10-04', 7, 675, 4, 1, 'active'),
(903, 'Alias iste laborum.', 63, '1999-07-01', 71, 607, 5, 5, 'active'),
(904, 'Sunt expedita voluptatem eius.', 8, '2005-05-19', 100, 768, 5, 1, 'active'),
(905, 'Aut quos nam doloremque.', 79, '2019-08-20', 23, 555, 2, 5, 'active'),
(906, 'Voluptatem provident quibusdam.', 52, '1982-02-22', 26, 406, 6, 3, 'active'),
(907, 'Ut quod aut repellendus.', 82, '1977-01-09', 44, 147, 2, 1, 'active'),
(908, 'Vel sed rerum.', 94, '2020-04-02', 59, 966, 1, 1, 'active'),
(909, 'Est neque maiores.', 31, '1983-06-01', 78, 308, 5, 3, 'active'),
(910, 'Eius laudantium hic ipsum.', 72, '2022-12-30', 44, 443, 1, 2, 'active'),
(911, 'Maiores blanditiis deleniti.', 56, '1996-08-24', 1, 840, 6, 2, 'active'),
(912, 'Culpa facilis ipsam.', 67, '1985-03-11', 23, 99, 2, 2, 'active'),
(913, 'Placeat dolor sed.', 80, '2020-12-22', 79, 876, 1, 5, 'active'),
(914, 'Est iste.', 23, '2022-12-07', 56, 717, 5, 3, 'active'),
(915, 'Deserunt dignissimos vero expedita.', 48, '2023-05-29', 91, 185, 4, 6, 'active'),
(916, 'Commodi qui ea.', 79, '2000-11-17', 72, 437, 6, 1, 'active'),
(917, 'Reprehenderit veritatis minus.', 55, '1970-10-04', 91, 965, 3, 4, 'active'),
(918, 'Adipisci quo sit culpa.', 55, '1979-05-29', 21, 489, 3, 6, 'active'),
(919, 'Sint veniam ut.', 66, '1994-10-05', 27, 127, 1, 4, 'active'),
(920, 'Quo quasi est molestias.', 33, '1980-07-17', 44, 488, 4, 1, 'active'),
(921, 'Quis voluptas itaque ratione.', 78, '2004-12-02', 50, 923, 1, 2, 'active'),
(922, 'Voluptas consequatur officia consequatur.', 98, '1991-01-05', 93, 38, 6, 2, 'active'),
(923, 'Ut nemo.', 33, '1985-12-03', 76, 189, 1, 3, 'active'),
(924, 'Quia vitae distinctio iste.', 2, '1980-05-10', 88, 456, 4, 5, 'active'),
(925, 'At ullam sed nisi.', 26, '1982-07-08', 45, 200, 1, 2, 'active'),
(926, 'Quia adipisci id in.', 39, '1992-04-03', 59, 247, 6, 5, 'active'),
(927, 'Repellendus iure qui.', 29, '1979-09-06', 76, 415, 1, 2, 'active'),
(928, 'Blanditiis aut veniam.', 14, '2008-09-30', 54, 359, 1, 4, 'active'),
(929, 'Consequatur aliquid incidunt nobis odit.', 73, '2002-10-24', 37, 228, 6, 6, 'active'),
(930, 'Voluptate non aut.', 14, '1996-03-23', 8, 437, 1, 4, 'active'),
(931, 'Doloribus esse quos eos.', 87, '1981-09-07', 49, 604, 6, 4, 'active'),
(932, 'Ipsum a vel assumenda.', 41, '1993-04-24', 43, 849, 5, 2, 'active'),
(933, 'Rerum sint inventore.', 60, '2005-11-18', 86, 674, 5, 6, 'active'),
(934, 'Atque culpa expedita et.', 88, '2003-02-16', 38, 880, 2, 4, 'active'),
(935, 'Molestias unde nemo.', 32, '2017-02-12', 86, 216, 5, 3, 'active'),
(936, 'Ea corrupti.', 79, '2014-08-15', 96, 672, 3, 5, 'active'),
(937, 'Qui vero et.', 74, '2022-11-17', 31, 57, 6, 5, 'active'),
(938, 'Molestiae et autem numquam minima.', 47, '1975-08-09', 23, 993, 6, 4, 'active'),
(939, 'Non omnis eius aut.', 54, '2023-08-01', 17, 775, 1, 1, 'active'),
(940, 'Repudiandae itaque error labore.', 14, '2013-04-29', 62, 602, 2, 5, 'active'),
(941, 'Alias quis omnis similique.', 39, '1990-07-11', 36, 451, 1, 1, 'active'),
(942, 'Sit provident est.', 43, '1999-12-18', 98, 155, 6, 4, 'active'),
(943, 'Incidunt tempora ea et.', 59, '2018-07-31', 76, 901, 2, 3, 'active'),
(944, 'Ut eos.', 99, '2013-03-16', 7, 907, 6, 3, 'active'),
(945, 'Ut quo eos consequuntur.', 87, '1971-11-17', 83, 611, 6, 2, 'active'),
(946, 'Rerum quidem nulla facilis.', 26, '1971-01-15', 46, 828, 1, 5, 'active'),
(947, 'Provident et voluptatibus.', 14, '1972-01-14', 30, 846, 6, 4, 'active'),
(948, 'Optio dolor fugit maiores.', 88, '2011-10-21', 8, 104, 3, 3, 'active'),
(949, 'Aperiam vitae voluptatem tempore et.', 19, '1970-11-07', 27, 768, 6, 1, 'active'),
(950, 'Facere velit itaque non.', 38, '1982-11-09', 66, 194, 2, 5, 'active'),
(951, 'Commodi dignissimos qui.', 66, '2022-06-26', 29, 483, 2, 3, 'active'),
(952, 'Eos maiores quia.', 83, '1997-06-07', 50, 354, 5, 4, 'active'),
(953, 'Quas rerum quam.', 89, '1997-04-18', 95, 375, 4, 2, 'active'),
(954, 'Nemo at blanditiis.', 67, '1972-11-23', 19, 707, 4, 4, 'active'),
(955, 'Deleniti dolorem sint.', 85, '1994-03-17', 70, 471, 5, 2, 'active'),
(956, 'Minus quia voluptatem fugit.', 59, '1971-08-21', 86, 688, 6, 2, 'active'),
(957, 'Consequatur alias temporibus.', 97, '2001-09-09', 21, 851, 5, 3, 'active'),
(958, 'Sed eos accusamus odit.', 1, '1970-10-31', 98, 193, 1, 4, 'active'),
(959, 'Aut ut itaque porro.', 94, '1997-06-15', 23, 789, 2, 5, 'active'),
(960, 'Temporibus eum dicta.', 7, '2002-02-28', 84, 667, 5, 3, 'active'),
(961, 'Ut optio non ipsum.', 40, '1972-04-28', 63, 345, 1, 6, 'active'),
(962, 'Labore et dolor.', 11, '1976-02-21', 66, 585, 4, 5, 'active'),
(963, 'Et exercitationem error quo.', 87, '2004-12-28', 63, 778, 2, 3, 'active'),
(964, 'Itaque quis.', 29, '1978-02-21', 68, 110, 5, 5, 'active'),
(965, 'Rerum qui voluptatibus quibusdam.', 45, '1972-06-18', 8, 174, 6, 4, 'active'),
(966, 'Ipsam nesciunt et.', 42, '1997-07-03', 1, 674, 3, 2, 'active'),
(967, 'Minima dolorum sed quidem ut.', 7, '2021-07-19', 99, 493, 3, 6, 'active'),
(968, 'Ut rerum debitis aut.', 33, '2006-04-29', 89, 650, 3, 2, 'active'),
(969, 'Et odio quia.', 9, '2015-06-08', 30, 196, 3, 6, 'active'),
(970, 'Hic consequuntur nobis eum vero.', 64, '2021-10-05', 45, 318, 5, 1, 'active'),
(971, 'Assumenda velit odio sint.', 35, '1985-03-20', 19, 146, 4, 5, 'active'),
(972, 'Et reprehenderit debitis quas.', 89, '2016-01-20', 91, 842, 2, 4, 'active'),
(973, 'Hic aut est reiciendis.', 72, '2006-01-20', 70, 496, 5, 4, 'active'),
(974, 'Id maiores doloribus.', 85, '1992-02-04', 95, 513, 4, 2, 'active'),
(975, 'Sit ab.', 69, '1985-09-08', 34, 632, 3, 2, 'active'),
(976, 'Voluptas est adipisci.', 91, '2004-03-28', 11, 558, 1, 2, 'active'),
(977, 'Veniam excepturi.', 33, '1990-01-04', 57, 246, 2, 4, 'active'),
(978, 'Dignissimos in sint.', 89, '1992-07-23', 72, 979, 4, 1, 'active'),
(979, 'Eos quasi nesciunt non est.', 74, '2022-09-06', 80, 67, 1, 1, 'active'),
(980, 'Dolores dolores animi doloribus.', 21, '1972-07-17', 52, 210, 6, 4, 'active'),
(981, 'Atque perferendis.', 33, '2012-08-14', 67, 276, 2, 4, 'active'),
(982, 'Asperiores nostrum dicta quisquam quos.', 13, '1978-07-05', 2, 844, 3, 4, 'active'),
(983, 'Ducimus ex facilis error.', 36, '1998-02-23', 31, 839, 4, 6, 'active'),
(984, 'Tempore enim suscipit.', 68, '2020-06-04', 30, 420, 2, 5, 'active'),
(985, 'Aut amet veniam fuga.', 45, '2017-04-27', 71, 471, 3, 2, 'active'),
(986, 'Atque corporis molestias.', 18, '1974-04-24', 95, 528, 3, 6, 'active'),
(987, 'Sit cupiditate qui.', 25, '2002-12-03', 96, 801, 2, 4, 'active'),
(988, 'Sit quia fuga.', 12, '2007-06-21', 97, 158, 5, 4, 'active'),
(989, 'Earum animi dolorem.', 28, '1975-09-03', 75, 921, 5, 5, 'active'),
(990, 'Ut aut quia voluptate dolores.', 7, '2016-06-25', 71, 117, 2, 6, 'active'),
(991, 'Reiciendis porro aperiam.', 6, '2021-02-20', 62, 520, 6, 2, 'active'),
(992, 'Est cumque non.', 74, '2020-09-22', 31, 509, 5, 2, 'active'),
(993, 'Repudiandae voluptas omnis aperiam.', 1, '2016-09-07', 53, 753, 3, 1, 'active'),
(994, 'Veniam quibusdam sint.', 55, '1998-06-18', 40, 194, 2, 2, 'active'),
(995, 'Delectus voluptatem repellendus error.', 12, '1984-02-18', 90, 852, 4, 2, 'active'),
(996, 'Voluptatem velit.', 5, '1995-08-03', 5, 376, 1, 1, 'active'),
(997, 'Delectus ipsam provident.', 7, '1991-09-06', 22, 806, 6, 4, 'active'),
(998, 'Voluptatibus laboriosam numquam.', 8, '1983-07-23', 53, 30, 4, 4, 'active'),
(999, 'Aut reiciendis voluptas rem.', 35, '2012-05-21', 51, 286, 3, 4, 'active'),
(1000, 'Reiciendis aut reprehenderit dolor molestiae.', 92, '2007-10-08', 45, 23, 4, 5, 'active');

-- --------------------------------------------------------

--
-- Structure de la table `user`
--

CREATE TABLE `user` (
  `idU` int NOT NULL,
  `nomU` varchar(255) NOT NULL,
  `login` varchar(255) NOT NULL,
  `password` varchar(255) NOT NULL,
  `etat` varchar(255) NOT NULL
) ENGINE=InnoDB DEFAULT CHARSET=utf8mb4 COLLATE=utf8mb4_0900_ai_ci;

--
-- Déchargement des données de la table `user`
--

INSERT INTO `user` (`idU`, `nomU`, `login`, `password`, `etat`) VALUES
(1, 'Block', 'elinore.botsford', '5a296e12a4b77b56d476e6ae37af5529', 'active'),
(2, 'Reichert', 'omer.cummerata', '978e88e0c0b33443a90f3fc5cb0d0bb3', 'active'),
(3, 'Konopelski', 'emmanuelle.hill', '4ec75cf81fae73f551e701008128081d', 'active'),
(4, 'Jacobs', 'wtillman', '038a7f9216791cc7c082ce59b4f5ed9a', 'active'),
(5, 'Marquardt', 'cyundt', 'a48952e4ece165c80a9398db8cf81cbd', 'active'),
(6, 'Stracke', 'qkerluke', '672464f470426d3da6ea549dae05e7dc', 'active'),
(7, 'Marvin', 'jeramy06', 'eccd1e22260eec7c98c3878e43921189', 'active'),
(8, 'Hermann', 'eudora.kuhn', '37d3b69f6e30d358721a737566602933', 'active'),
(9, 'Reichel', 'aiyana.feeney', '96597b07573b16f0103fda5c61156e43', 'active'),
(10, 'Lehner', 'albina75', 'febff96ca9e7301d4ead48530254f27a', 'active');

-- --------------------------------------------------------

--
-- Structure de la table `ventes`
--

CREATE TABLE `ventes` (
  `idVente` int NOT NULL,
  `dateVente` date NOT NULL,
  `qteVente` int NOT NULL,
  `prixT` double NOT NULL,
  `idProd` int NOT NULL,
  `idClient` int NOT NULL,
  `etat` varchar(255) NOT NULL
) ENGINE=InnoDB DEFAULT CHARSET=utf8mb4 COLLATE=utf8mb4_0900_ai_ci;

--
-- Déchargement des données de la table `ventes`
--

INSERT INTO `ventes` (`idVente`, `dateVente`, `qteVente`, `prixT`, `idProd`, `idClient`, `etat`) VALUES
(2, '1984-02-10', 98, 73462, 556, 2, 'active'),
(3, '2019-10-28', 59, 1668, 33, 2, 'active'),
(4, '1998-02-11', 78, 51299, 708, 8, 'active'),
(5, '1990-06-14', 72, 41087, 990, 1, 'active'),
(6, '1972-08-27', 15, 89494, 242, 5, 'active'),
(7, '2004-02-23', 11, 70041, 258, 5, 'active'),
(8, '1983-12-16', 33, 24637, 611, 6, 'active'),
(9, '1995-02-05', 80, 11200, 474, 3, 'active'),
(10, '2009-08-19', 70, 47196, 945, 3, 'active'),
(11, '2007-06-28', 91, 27362, 795, 10, 'active'),
(12, '2003-06-20', 43, 91766, 705, 3, 'active'),
(13, '1997-09-18', 61, 87906, 118, 6, 'active'),
(14, '2001-12-20', 11, 68931, 638, 1, 'active'),
(15, '1980-04-02', 29, 42791, 85, 3, 'active'),
(16, '2007-02-24', 18, 77627, 540, 10, 'active'),
(17, '2010-05-08', 63, 45845, 104, 9, 'active'),
(18, '2018-12-22', 63, 70499, 471, 1, 'active'),
(19, '2022-03-20', 91, 68028, 905, 6, 'active'),
(20, '2004-11-15', 2, 11059, 11, 5, 'active'),
(21, '2011-03-19', 69, 44757, 563, 5, 'active'),
(22, '2000-05-19', 30, 85493, 453, 1, 'active'),
(23, '2006-04-02', 95, 60388, 915, 4, 'active'),
(24, '2011-12-23', 74, 80426, 981, 9, 'active'),
(25, '1985-10-18', 1, 39833, 191, 5, 'active'),
(26, '2007-11-21', 40, 83158, 317, 3, 'active'),
(27, '1979-11-30', 72, 85004, 497, 3, 'active'),
(28, '2000-05-29', 9, 79114, 161, 7, 'active'),
(29, '2011-02-14', 9, 56943, 713, 6, 'active'),
(30, '2011-12-26', 100, 41753, 806, 7, 'active'),
(31, '2011-11-13', 3, 8322, 603, 4, 'active'),
(32, '1987-01-11', 44, 55819, 911, 5, 'active'),
(33, '1970-02-22', 80, 70235, 211, 2, 'active'),
(34, '2007-06-19', 59, 68558, 982, 7, 'active'),
(35, '1982-05-25', 43, 66014, 311, 6, 'active'),
(36, '1995-07-03', 91, 76693, 403, 5, 'active'),
(37, '1982-10-28', 86, 62892, 336, 9, 'active'),
(38, '2006-04-30', 52, 2409, 943, 10, 'active'),
(39, '2015-11-29', 23, 49677, 913, 9, 'active'),
(40, '2015-01-13', 8, 16914, 216, 6, 'active'),
(41, '1989-01-10', 69, 76422, 130, 9, 'active'),
(42, '2010-02-20', 75, 66587, 81, 4, 'active'),
(43, '2004-05-19', 10, 68460, 172, 9, 'active'),
(44, '1995-07-16', 48, 29523, 887, 6, 'active'),
(45, '1972-11-24', 14, 22284, 453, 9, 'active'),
(46, '1996-08-24', 68, 24716, 497, 5, 'active'),
(47, '1984-06-24', 100, 9802, 727, 3, 'active'),
(48, '1999-07-27', 36, 71928, 841, 1, 'active'),
(49, '2021-03-19', 6, 98205, 594, 8, 'active'),
(50, '2002-03-31', 17, 78319, 978, 10, 'active'),
(51, '1991-03-12', 23, 51030, 153, 3, 'active'),
(52, '2005-07-31', 11, 58290, 614, 10, 'active'),
(53, '2007-10-17', 89, 50739, 333, 5, 'active'),
(54, '2022-09-05', 80, 98152, 824, 7, 'active'),
(55, '2010-07-29', 37, 21705, 942, 5, 'active'),
(56, '2016-10-16', 68, 28266, 895, 2, 'active'),
(57, '2001-05-23', 79, 38991, 296, 5, 'active'),
(58, '1982-05-22', 99, 7569, 759, 5, 'active'),
(59, '2004-01-22', 68, 82250, 149, 10, 'active'),
(60, '1977-10-02', 33, 56035, 89, 8, 'active'),
(61, '1978-04-13', 60, 18244, 410, 9, 'active'),
(62, '2006-02-14', 20, 47117, 320, 2, 'active'),
(63, '2003-11-12', 49, 83492, 180, 6, 'active'),
(64, '2004-03-25', 96, 36830, 475, 10, 'active'),
(65, '1991-08-30', 9, 52658, 219, 5, 'active'),
(66, '1990-04-22', 54, 36491, 293, 1, 'active'),
(67, '1975-09-03', 10, 30363, 916, 1, 'active'),
(68, '2014-11-21', 73, 94998, 549, 6, 'active'),
(69, '2000-02-28', 100, 10673, 397, 8, 'active'),
(70, '1995-08-28', 14, 15490, 422, 2, 'active'),
(71, '2000-01-22', 34, 27103, 676, 8, 'active'),
(72, '1985-04-24', 36, 25431, 382, 6, 'active'),
(73, '2012-09-03', 29, 49268, 604, 1, 'active'),
(74, '2014-08-17', 42, 71390, 808, 7, 'active'),
(75, '2006-08-03', 19, 72948, 269, 9, 'active'),
(76, '1981-11-22', 92, 6422, 582, 2, 'active'),
(77, '2012-07-21', 79, 99048, 276, 2, 'active'),
(78, '1981-07-04', 10, 97575, 151, 7, 'active'),
(79, '2015-11-17', 54, 5468, 139, 4, 'active'),
(80, '1974-04-04', 28, 95316, 603, 10, 'active'),
(81, '2005-10-16', 6, 19769, 470, 8, 'active'),
(82, '2000-10-21', 88, 14736, 309, 10, 'active'),
(83, '2008-09-28', 2, 72132, 271, 9, 'active'),
(84, '1982-12-30', 30, 75457, 657, 4, 'active'),
(85, '2003-05-11', 2, 90239, 169, 6, 'active'),
(86, '2020-06-01', 8, 39260, 873, 2, 'active'),
(87, '2009-04-24', 62, 78650, 690, 6, 'active'),
(88, '2007-03-11', 74, 15273, 639, 8, 'active'),
(89, '1975-09-07', 59, 84666, 107, 5, 'active'),
(90, '2012-10-19', 48, 65404, 93, 7, 'active'),
(91, '1998-08-01', 96, 34385, 5, 8, 'active'),
(92, '2008-06-13', 50, 66109, 197, 10, 'active'),
(93, '2010-03-31', 54, 28531, 236, 8, 'active'),
(94, '1974-07-22', 70, 30303, 947, 1, 'active'),
(95, '2019-03-24', 78, 55127, 917, 3, 'active'),
(96, '1989-03-10', 32, 7712, 582, 5, 'active'),
(97, '1993-09-27', 69, 82527, 161, 8, 'active'),
(98, '2021-06-16', 96, 79660, 586, 6, 'active'),
(99, '2007-08-24', 30, 74452, 929, 2, 'active'),
(100, '2008-05-08', 39, 92171, 461, 8, 'active'),
(101, '1977-08-01', 90, 81326, 12, 5, 'active');

--
-- Index pour les tables déchargées
--

--
-- Index pour la table `categorie`
--
ALTER TABLE `categorie`
  ADD PRIMARY KEY (`idCategorie`);

--
-- Index pour la table `client`
--
ALTER TABLE `client`
  ADD PRIMARY KEY (`idClient`),
  ADD UNIQUE KEY `emailclient` (`emailClient`);

--
-- Index pour la table `facture`
--
ALTER TABLE `facture`
  ADD PRIMARY KEY (`idFact`),
  ADD KEY `idVente` (`idVente`);

--
-- Index pour la table `fournisseur`
--
ALTER TABLE `fournisseur`
  ADD PRIMARY KEY (`idFournis`),
  ADD UNIQUE KEY `emailFournis` (`emailFournis`);

--
-- Index pour la table `produit`
--
ALTER TABLE `produit`
  ADD PRIMARY KEY (`idProd`),
  ADD KEY `idCategorie` (`idCategorie`),
  ADD KEY `idFournis` (`idFournis`);

--
-- Index pour la table `user`
--
ALTER TABLE `user`
  ADD PRIMARY KEY (`idU`);

--
-- Index pour la table `ventes`
--
ALTER TABLE `ventes`
  ADD PRIMARY KEY (`idVente`),
  ADD KEY `idClient` (`idClient`),
  ADD KEY `idProd` (`idProd`);

--
-- AUTO_INCREMENT pour les tables déchargées
--

--
-- AUTO_INCREMENT pour la table `categorie`
--
ALTER TABLE `categorie`
  MODIFY `idCategorie` int NOT NULL AUTO_INCREMENT, AUTO_INCREMENT=7;

--
-- AUTO_INCREMENT pour la table `client`
--
ALTER TABLE `client`
  MODIFY `idClient` int NOT NULL AUTO_INCREMENT, AUTO_INCREMENT=11;

--
-- AUTO_INCREMENT pour la table `facture`
--
ALTER TABLE `facture`
  MODIFY `idFact` int NOT NULL AUTO_INCREMENT, AUTO_INCREMENT=15;

--
-- AUTO_INCREMENT pour la table `fournisseur`
--
ALTER TABLE `fournisseur`
  MODIFY `idFournis` int NOT NULL AUTO_INCREMENT, AUTO_INCREMENT=7;

--
-- AUTO_INCREMENT pour la table `produit`
--
ALTER TABLE `produit`
  MODIFY `idProd` int NOT NULL AUTO_INCREMENT, AUTO_INCREMENT=1001;

--
-- AUTO_INCREMENT pour la table `user`
--
ALTER TABLE `user`
  MODIFY `idU` int NOT NULL AUTO_INCREMENT, AUTO_INCREMENT=11;

--
-- AUTO_INCREMENT pour la table `ventes`
--
ALTER TABLE `ventes`
  MODIFY `idVente` int NOT NULL AUTO_INCREMENT, AUTO_INCREMENT=102;

--
-- Contraintes pour les tables déchargées
--

--
-- Contraintes pour la table `facture`
--
ALTER TABLE `facture`
  ADD CONSTRAINT `facture_ibfk_1` FOREIGN KEY (`idVente`) REFERENCES `ventes` (`idVente`) ON DELETE RESTRICT ON UPDATE RESTRICT;

--
-- Contraintes pour la table `produit`
--
ALTER TABLE `produit`
  ADD CONSTRAINT `produit_ibfk_1` FOREIGN KEY (`idCategorie`) REFERENCES `categorie` (`idCategorie`) ON DELETE RESTRICT ON UPDATE RESTRICT,
  ADD CONSTRAINT `produit_ibfk_2` FOREIGN KEY (`idFournis`) REFERENCES `fournisseur` (`idFournis`) ON DELETE RESTRICT ON UPDATE RESTRICT;

--
-- Contraintes pour la table `ventes`
--
ALTER TABLE `ventes`
  ADD CONSTRAINT `ventes_ibfk_1` FOREIGN KEY (`idClient`) REFERENCES `client` (`idClient`) ON DELETE RESTRICT ON UPDATE RESTRICT,
  ADD CONSTRAINT `ventes_ibfk_2` FOREIGN KEY (`idProd`) REFERENCES `produit` (`idProd`) ON DELETE RESTRICT ON UPDATE RESTRICT;
COMMIT;

/*!40101 SET CHARACTER_SET_CLIENT=@OLD_CHARACTER_SET_CLIENT */;
/*!40101 SET CHARACTER_SET_RESULTS=@OLD_CHARACTER_SET_RESULTS */;
/*!40101 SET COLLATION_CONNECTION=@OLD_COLLATION_CONNECTION */;
